item	assessment	section	architecture	source_path	install_path	sha256	source_or_reason	current_payload	current_install_path	current_provider
RETAIN-ELF	matching_source_unknown	graphics	64	vendor/bin/hw/vendor.mediatek.hardware.gpu@1.0-service	vendor/bin/hw/vendor.mediatek.hardware.gpu@1.0-service	0b43ac65e3f2d67ca9663b8f3f1e95fa44533014ebd593c8a347b80fbf87dfd7	No matching source implementation established in this bounded inventory; see family discussion	retained_unchanged	vendor/bin/hw/vendor.mediatek.hardware.gpu@1.0-service	retained vendor payload
RETAIN-DATA	configuration_or_resource	graphics	data	vendor/etc/init/vendor.mediatek.hardware.gpu@1.0-service.rc	vendor/etc/init/vendor.mediatek.hardware.gpu@1.0-service.rc	ffe134802c5ec0fb61021518f904803af21457d9b123a2f00cb4f9107cd01c7d	Init, configuration, certificates, or tuning data; retain board/carrier values unless paired with a source migration	retained_unchanged	vendor/etc/init/vendor.mediatek.hardware.gpu@1.0-service.rc	retained vendor payload
OWNED-LIB	delegated	graphics	32	vendor/lib/hw/android.hardware.graphics.allocator@2.0-impl.so	vendor/lib/hw/android.hardware.graphics.allocator@2.0-impl.so	e08fd77637989d8b2df4c602a204cced8861832ac4832419f3e89cc07c6e2e7b	AOSP graphics/audio/tinycompress ABI work owned by storage agent	removed_paired_source_provider	vendor/lib/hw/android.hardware.graphics.allocator@2.0-impl.so	hardware/interfaces/graphics/allocator/2.0/default
OWNED-LIB	delegated	graphics	32	vendor/lib/hw/android.hardware.graphics.composer@2.1-impl.so	vendor/lib/hw/android.hardware.graphics.composer@2.1-impl.so	8f4221d1c37d21d755629564e6b1ffedd5d4fa93b5c2836a583c8da89de8c999	AOSP graphics/audio/tinycompress ABI work owned by storage agent	removed_paired_source_provider	vendor/lib/hw/android.hardware.graphics.composer@2.1-impl.so	hardware/interfaces/graphics/composer/2.1/default
OWNED-LIB	delegated	graphics	32	vendor/lib/hw/android.hardware.graphics.mapper@2.0-impl.so	vendor/lib/hw/android.hardware.graphics.mapper@2.0-impl.so	77f4cf8c0fb16e7c17177fd7cce0b2ff81714cd380c60459424b6696bdf77f7d	AOSP graphics/audio/tinycompress ABI work owned by storage agent	removed_paired_source_provider	vendor/lib/hw/android.hardware.graphics.mapper@2.0-impl.so	hardware/interfaces/graphics/mapper/2.0/default
RETAIN-ELF	matching_source_unknown	graphics	32	vendor/lib/hw/gralloc.mt6755.so	vendor/lib/hw/gralloc.mt6755.so	686f52d2eabcc5ec14f0b9470c5d8df16a58b3d276a1101fe35c53da12053747	No matching source implementation established in this bounded inventory; see family discussion	retained_unchanged	vendor/lib/hw/gralloc.mt6755.so	retained vendor payload
RETAIN-ELF	matching_source_unknown	graphics	32	vendor/lib/egl/libGLES_mali.so	vendor/lib/egl/libGLES_mali.so	ae93cf0b5730e619352c4b0ababa2317a5968d042167d3c557625644b5ac5b80	No matching source implementation established in this bounded inventory; see family discussion	retained_unchanged	vendor/lib/egl/libGLES_mali.so	retained vendor payload
RETAIN-ELF	matching_source_unknown	graphics	32	vendor/lib/libdpframework.so	vendor/lib/libdpframework.so	f2d24f07d797cdcc912478dfa47d70b4b6c7fbfd9123c5207c1aa2955721b29f	No matching source implementation established in this bounded inventory; see family discussion	retained_unchanged	vendor/lib/libdpframework.so	retained vendor payload
RETAIN-ELF	matching_source_unknown	graphics	32	vendor/lib/libged.so	vendor/lib/libged.so	8d3f2a0910d4f0ccdff17de8c29549f047febd871790feaf18ecb4527763d407	No matching source implementation established in this bounded inventory; see family discussion	retained_unchanged	vendor/lib/libged.so	retained vendor payload
RETAIN-ELF	matching_source_unknown	graphics	32	vendor/lib/libgpu_aux.so	vendor/lib/libgpu_aux.so	76657ed1120bd1cdf1757bfa0dfec627396b6d6581e2b81c3cbbeb1c4f0720a3	No matching source implementation established in this bounded inventory; see family discussion	retained_unchanged	vendor/lib/libgpu_aux.so	retained vendor payload
RETAIN-ELF	matching_source_unknown	graphics	32	vendor/lib/libgpud.so	vendor/lib/libgpud.so	b40686aeffdd5b5977c67e8ed8214462d025e5d9135fcbc71dbca11b80924011	No matching source implementation established in this bounded inventory; see family discussion	retained_unchanged	vendor/lib/libgpud.so	retained vendor payload
RETAIN-ELF	matching_source_unknown	graphics	32	vendor/lib/libgralloc_extra.so	vendor/lib/libgralloc_extra.so	52017263d40d2d480a6378cb0ce4120216c47a2816c1de9e1c92df1f156ccd02	No matching source implementation established in this bounded inventory; see family discussion	retained_unchanged	vendor/lib/libgralloc_extra.so	retained vendor payload
RETAIN-ELF	matching_source_unknown	graphics	32	vendor/lib/libion_mtk.so	vendor/lib/libion_mtk.so	a120f5023a98dd12a60651616bffad75cc9903959da4799a03d705e23756482b	No matching source implementation established in this bounded inventory; see family discussion	retained_unchanged	vendor/lib/libion_mtk.so	retained vendor payload
RETAIN-ELF	matching_source_unknown	graphics	32	vendor/lib/libion_ulit.so	vendor/lib/libion_ulit.so	4d9d08edf2b58fd63bb16fe2ce40dff5a815d1dc1c3b8b68e30687df7dafd519	No matching source implementation established in this bounded inventory; see family discussion	retained_unchanged	vendor/lib/libion_ulit.so	retained vendor payload
SR21	public_stub_not_equivalent	graphics	32	vendor/lib/libladder.so	vendor/lib/libladder.so	03c78dcbb2e18dc1409e2b15f04ffdb3ba10329084aa7cbcf6e1e7e1b446b8ab	LineageOS MTK public stubs omit diagnostic or performance behavior	retained_unchanged	vendor/lib/libladder.so	retained vendor payload
RETAIN-ELF	matching_source_unknown	graphics	32	vendor/lib/libpq_cust.so	vendor/lib/libpq_cust.so	9c1b01d3e337c259d180e26ff397ea97dfc5e303684a64cf890c3be58e0dcc7b	No matching source implementation established in this bounded inventory; see family discussion	retained_unchanged	vendor/lib/libpq_cust.so	retained vendor payload
RETAIN-ELF	matching_source_unknown	graphics	32	vendor/lib/libpq_prot.so	vendor/lib/libpq_prot.so	7a59dafb18962e19062e5d663386ef2a9b9510952f5fa6f4898decf2a186d520	No matching source implementation established in this bounded inventory; see family discussion	retained_unchanged	vendor/lib/libpq_prot.so	retained vendor payload
RETAIN-ELF	matching_source_unknown	graphics	32	vendor/lib/vendor.mediatek.hardware.gpu@1.0.so	vendor/lib/vendor.mediatek.hardware.gpu@1.0.so	2e67edc2ce12ff478296b60b72f9e96f16cebd31e8b7a72d4d38191eeed7ccfd	No matching source implementation established in this bounded inventory; see family discussion	retained_unchanged	vendor/lib/vendor.mediatek.hardware.gpu@1.0.so	retained vendor payload
RETAIN-ELF	matching_source_unknown	graphics	32	vendor/lib/vendor.mediatek.hardware.mms@1.0.so	vendor/lib/vendor.mediatek.hardware.mms@1.0.so	a47d13d3cafe9448d3e9f550b7e5e837acdd7cfa5c24e5971cd4de34c24a5110	No matching source implementation established in this bounded inventory; see family discussion	retained_unchanged	vendor/lib/vendor.mediatek.hardware.mms@1.0.so	retained vendor payload
RETAIN-ELF	matching_source_unknown	graphics	32	vendor/lib/vendor.mediatek.hardware.mms@1.1.so	vendor/lib/vendor.mediatek.hardware.mms@1.1.so	a9d39346270dbe93db1ab60f43d75271125c487c0cf7b1108d08142857fa20c2	No matching source implementation established in this bounded inventory; see family discussion	retained_unchanged	vendor/lib/vendor.mediatek.hardware.mms@1.1.so	retained vendor payload
RETAIN-ELF	matching_source_unknown	graphics	32	vendor/lib/vendor.mediatek.hardware.mms@1.2.so	vendor/lib/vendor.mediatek.hardware.mms@1.2.so	6d312727c17b0de87f76d3a6e612651929b1a791052ec4a91a2cab4a5b400e4c	No matching source implementation established in this bounded inventory; see family discussion	retained_unchanged	vendor/lib/vendor.mediatek.hardware.mms@1.2.so	retained vendor payload
RETAIN-ELF	matching_source_unknown	graphics	32	vendor/lib/vendor.mediatek.hardware.mms@1.3.so	vendor/lib/vendor.mediatek.hardware.mms@1.3.so	0081b3ceca866ce6e83a3790654d750f3f5881d36626126ef8c290184e8baa57	No matching source implementation established in this bounded inventory; see family discussion	retained_unchanged	vendor/lib/vendor.mediatek.hardware.mms@1.3.so	retained vendor payload
RETAIN-ELF	matching_source_unknown	graphics	32	vendor/lib/vendor.mediatek.hardware.mms@1.4.so	vendor/lib/vendor.mediatek.hardware.mms@1.4.so	f4941565e144823d0ace7a47e362e085b311d44bf40efffa7862574a2563fb17	No matching source implementation established in this bounded inventory; see family discussion	retained_unchanged	vendor/lib/vendor.mediatek.hardware.mms@1.4.so	retained vendor payload
RETAIN-ELF	matching_source_unknown	graphics	32	vendor/lib/vendor.mediatek.hardware.mms@1.5.so	vendor/lib/vendor.mediatek.hardware.mms@1.5.so	eacd754097d2249f4ce79ce79f514d865f9cd26b3ce2a4ea3a6e444727d19683	No matching source implementation established in this bounded inventory; see family discussion	retained_unchanged	vendor/lib/vendor.mediatek.hardware.mms@1.5.so	retained vendor payload
RETAIN-ELF	matching_source_unknown	graphics	32	vendor/lib/vendor.mediatek.hardware.pq@2.0.so	vendor/lib/vendor.mediatek.hardware.pq@2.0.so	30878f6c763ccb2ab472720ed5debc3c6215b0cdd985f572d10aca77d25ec8e0	No matching source implementation established in this bounded inventory; see family discussion	retained_unchanged	vendor/lib/vendor.mediatek.hardware.pq@2.0.so	retained vendor payload
OWNED-LIB	delegated	graphics	64	vendor/lib64/hw/android.hardware.graphics.allocator@2.0-impl.so	vendor/lib64/hw/android.hardware.graphics.allocator@2.0-impl.so	8a8f18a08c0bebc96c1f936ca971dd16b06f02c0db7b4fb5bd3c8a5f4960aa65	AOSP graphics/audio/tinycompress ABI work owned by storage agent	removed_paired_source_provider	vendor/lib64/hw/android.hardware.graphics.allocator@2.0-impl.so	hardware/interfaces/graphics/allocator/2.0/default
OWNED-LIB	delegated	graphics	64	vendor/lib64/hw/android.hardware.graphics.composer@2.1-impl.so	vendor/lib64/hw/android.hardware.graphics.composer@2.1-impl.so	a3ace507225480020f0ae9e36be72f22a83714575b844f666841418fe3b0c98e	AOSP graphics/audio/tinycompress ABI work owned by storage agent	removed_paired_source_provider	vendor/lib64/hw/android.hardware.graphics.composer@2.1-impl.so	hardware/interfaces/graphics/composer/2.1/default
OWNED-LIB	delegated	graphics	64	vendor/lib64/hw/android.hardware.graphics.mapper@2.0-impl.so	vendor/lib64/hw/android.hardware.graphics.mapper@2.0-impl.so	2cfcf1a23d910303fd2becd627c938915ba19886dc69adb90a44784f597c33c6	AOSP graphics/audio/tinycompress ABI work owned by storage agent	removed_paired_source_provider	vendor/lib64/hw/android.hardware.graphics.mapper@2.0-impl.so	hardware/interfaces/graphics/mapper/2.0/default
RETAIN-ELF	matching_source_unknown	graphics	64	vendor/lib64/hw/gralloc.mt6755.so	vendor/lib64/hw/gralloc.mt6755.so	43ad8caea725f27a9b170ddcbee4372cb6d15a50e163ee5bcdd5f643b69e49dd	No matching source implementation established in this bounded inventory; see family discussion	retained_unchanged	vendor/lib64/hw/gralloc.mt6755.so	retained vendor payload
RETAIN-ELF	matching_source_unknown	graphics	64	vendor/lib64/hw/hwcomposer.mt6755.so	vendor/lib64/hw/hwcomposer.mt6755.so	d45df81bf83ea0d4319b0f87d35e3a215ff646bb4489e948d62a9b986be03c14	No matching source implementation established in this bounded inventory; see family discussion	retained_unchanged	vendor/lib64/hw/hwcomposer.mt6755.so	retained vendor payload
RETAIN-ELF	matching_source_unknown	graphics	64	vendor/lib64/egl/libGLES_mali.so	vendor/lib64/egl/libGLES_mali.so	0d1d838ffc712e06064561fbfc8db3aa753fdc75078f6ffb5585c7edef6e30d4	No matching source implementation established in this bounded inventory; see family discussion	retained_unchanged	vendor/lib64/egl/libGLES_mali.so	retained vendor payload
RETAIN-ELF	matching_source_unknown	graphics	64	vendor/lib64/libaal_key.so	vendor/lib64/libaal_key.so	f814e281f2323e4bd82d95b1d2bd4830abeae2fa04bff0b51673c0490f129978	No matching source implementation established in this bounded inventory; see family discussion	retained_unchanged	vendor/lib64/libaal_key.so	retained vendor payload
RETAIN-ELF	matching_source_unknown	graphics	64	vendor/lib64/libaal_cust.so	vendor/lib64/libaal_cust.so	ff462a744ea313c9f0c704b9387e6469a1091c9790a8d4c2b50945a54d8f2591	No matching source implementation established in this bounded inventory; see family discussion	retained_unchanged	vendor/lib64/libaal_cust.so	retained vendor payload
RETAIN-ELF	matching_source_unknown	graphics	64	vendor/lib64/libaal_mtk.so	vendor/lib64/libaal_mtk.so	8f5e068f22f44e403f17d682ceda9fc4d03b2de80f2dc3cb2ba387da94aa205d	No matching source implementation established in this bounded inventory; see family discussion	retained_unchanged	vendor/lib64/libaal_mtk.so	retained vendor payload
RETAIN-ELF	matching_source_unknown	graphics	64	vendor/lib64/libaalservice.so	vendor/lib64/libaalservice.so	a99d6db50711da12cf9fd5f2a825884e5bad89b3a1641d0bbe5466c4966404bf	No matching source implementation established in this bounded inventory; see family discussion	retained_unchanged	vendor/lib64/libaalservice.so	retained vendor payload
RETAIN-ELF	matching_source_unknown	graphics	64	vendor/lib64/libdpframework.so	vendor/lib64/libdpframework.so	0a3bce18e02ea697d97e25939685d1dcf2d669f0c4a36f4ecb2b983c31190542	No matching source implementation established in this bounded inventory; see family discussion	retained_unchanged	vendor/lib64/libdpframework.so	retained vendor payload
RETAIN-ELF	matching_source_unknown	graphics	64	vendor/lib64/libged.so	vendor/lib64/libged.so	a99d362e36b9c3066bfdfe37b68350e315613285ed70bbd2cbf79780ad90e566	No matching source implementation established in this bounded inventory; see family discussion	retained_unchanged	vendor/lib64/libged.so	retained vendor payload
RETAIN-ELF	matching_source_unknown	graphics	64	vendor/lib64/libgpu_aux.so	vendor/lib64/libgpu_aux.so	462e7c3542bbae6c9baa52973bb188ebfeb34cd65b95f65886f17848e28f401c	No matching source implementation established in this bounded inventory; see family discussion	retained_unchanged	vendor/lib64/libgpu_aux.so	retained vendor payload
RETAIN-ELF	matching_source_unknown	graphics	64	vendor/lib64/libgpud.so	vendor/lib64/libgpud.so	63f8e4acc38567e6e65b3752170ec3a416b8863154b05a8a965808f242fdf040	No matching source implementation established in this bounded inventory; see family discussion	retained_unchanged	vendor/lib64/libgpud.so	retained vendor payload
RETAIN-ELF	matching_source_unknown	graphics	64	vendor/lib64/libgralloc_extra.so	vendor/lib64/libgralloc_extra.so	e1605c7911757612d1eba1f2a0a791b0007994c5712f18934e3e033a24eaf53d	No matching source implementation established in this bounded inventory; see family discussion	retained_unchanged	vendor/lib64/libgralloc_extra.so	retained vendor payload
RETAIN-ELF	matching_source_unknown	graphics	64	vendor/lib64/libion_mtk.so	vendor/lib64/libion_mtk.so	967fa4db28e4e600f2f5d50ac364d20b994f8e9ba6306c8d629c41bd8f4c72ad	No matching source implementation established in this bounded inventory; see family discussion	retained_unchanged	vendor/lib64/libion_mtk.so	retained vendor payload
RETAIN-ELF	matching_source_unknown	graphics	64	vendor/lib64/libion_ulit.so	vendor/lib64/libion_ulit.so	3b30b53ff2497976912a4c918c827fd8a7d52ea740c1fa39ccf089b2b1b5dc48	No matching source implementation established in this bounded inventory; see family discussion	retained_unchanged	vendor/lib64/libion_ulit.so	retained vendor payload
SR21	public_stub_not_equivalent	graphics	64	vendor/lib64/libladder.so	vendor/lib64/libladder.so	3f13bb15aa48eb09f3c59b29ec570dda2b013408a684fa058fb5368641ee987c	LineageOS MTK public stubs omit diagnostic or performance behavior	retained_unchanged	vendor/lib64/libladder.so	retained vendor payload
RETAIN-ELF	matching_source_unknown	graphics	64	vendor/lib64/libJpgEncPipe.so	vendor/lib64/libJpgEncPipe.so	f18004d926e876e709c5d8b81a9055ab1d284dc9fe84c560b53dfca3b957b647	No matching source implementation established in this bounded inventory; see family discussion	retained_unchanged	vendor/lib64/libJpgEncPipe.so	retained vendor payload
RETAIN-ELF	matching_source_unknown	graphics	64	vendor/lib64/libjpeg-alpha-oal_vendor.so	vendor/lib64/libjpeg-alpha-oal_vendor.so	15c092e9695d29efa53082b05006df91735e633ff6edca4dfa960c1025882293	No matching source implementation established in this bounded inventory; see family discussion	retained_unchanged	vendor/lib64/libjpeg-alpha-oal_vendor.so	retained vendor payload
RETAIN-ELF	matching_source_unknown	graphics	64	vendor/lib64/libjpeg-alpha_vendor.so	vendor/lib64/libjpeg-alpha_vendor.so	f054df4afee1a3c4f9ee7a78fd9acf7206f4509481ac397e88dbdaf8c8e5c178	No matching source implementation established in this bounded inventory; see family discussion	retained_unchanged	vendor/lib64/libjpeg-alpha_vendor.so	retained vendor payload
RETAIN-ELF	matching_source_unknown	graphics	64	vendor/lib64/libm4u.so	vendor/lib64/libm4u.so	c3db8d933ea97773bbfcb2da868807644461206431f356d9c43b04968c643fe3	No matching source implementation established in this bounded inventory; see family discussion	retained_unchanged	vendor/lib64/libm4u.so	retained vendor payload
SR21	public_stub_not_equivalent	graphics	64	vendor/lib64/libmtkperf_client_vendor.so	vendor/lib64/libmtkperf_client_vendor.so	114959cd51c135f042a693e6e25dc18e908d1eaaece6ccdaf6ba24974119cec6	LineageOS MTK public stubs omit diagnostic or performance behavior	retained_unchanged	vendor/lib64/libmtkperf_client_vendor.so	retained vendor payload
RETAIN-ELF	matching_source_unknown	graphics	64	vendor/lib64/libpq_cust.so	vendor/lib64/libpq_cust.so	23360f4db322716931a677e720360040022e73bfebcb2e02769906a4f9aab16f	No matching source implementation established in this bounded inventory; see family discussion	retained_unchanged	vendor/lib64/libpq_cust.so	retained vendor payload
RETAIN-ELF	matching_source_unknown	graphics	64	vendor/lib64/libpq_prot.so	vendor/lib64/libpq_prot.so	74036bc8453fc2505f61d628f2947736b653dbf479cf5e250feae39bc1d8cdd8	No matching source implementation established in this bounded inventory; see family discussion	retained_unchanged	vendor/lib64/libpq_prot.so	retained vendor payload
RETAIN-ELF	matching_source_unknown	graphics	64	vendor/lib64/vendor.mediatek.hardware.gpu@1.0.so	vendor/lib64/vendor.mediatek.hardware.gpu@1.0.so	03485b9903f5b6c2dc9a2290aadc3ee47b9d4f011f6ea6a3d82607aa73836048	No matching source implementation established in this bounded inventory; see family discussion	retained_unchanged	vendor/lib64/vendor.mediatek.hardware.gpu@1.0.so	retained vendor payload
RETAIN-ELF	matching_source_unknown	graphics	64	vendor/lib64/vendor.mediatek.hardware.mms@1.0.so	vendor/lib64/vendor.mediatek.hardware.mms@1.0.so	af61ecd7609f02c2fe09b90d933eb196aac3e2eb43c5719b80d5b6fdb3e0b59a	No matching source implementation established in this bounded inventory; see family discussion	retained_unchanged	vendor/lib64/vendor.mediatek.hardware.mms@1.0.so	retained vendor payload
RETAIN-ELF	matching_source_unknown	graphics	64	vendor/lib64/vendor.mediatek.hardware.mms@1.1.so	vendor/lib64/vendor.mediatek.hardware.mms@1.1.so	9544986bc5312f13f411abac7b75bd221a780195beb8a695adbe656832f89cb0	No matching source implementation established in this bounded inventory; see family discussion	retained_unchanged	vendor/lib64/vendor.mediatek.hardware.mms@1.1.so	retained vendor payload
RETAIN-ELF	matching_source_unknown	graphics	64	vendor/lib64/vendor.mediatek.hardware.mms@1.2.so	vendor/lib64/vendor.mediatek.hardware.mms@1.2.so	8f9b76898a36b785b9394372f119445887915d26360dd7a36e435d71836193cd	No matching source implementation established in this bounded inventory; see family discussion	retained_unchanged	vendor/lib64/vendor.mediatek.hardware.mms@1.2.so	retained vendor payload
RETAIN-ELF	matching_source_unknown	graphics	64	vendor/lib64/vendor.mediatek.hardware.mms@1.3.so	vendor/lib64/vendor.mediatek.hardware.mms@1.3.so	1c066ca9ac8381dc4f38f60254fa0db47b25310ad6e078ce04a3923953cce936	No matching source implementation established in this bounded inventory; see family discussion	retained_unchanged	vendor/lib64/vendor.mediatek.hardware.mms@1.3.so	retained vendor payload
RETAIN-ELF	matching_source_unknown	graphics	64	vendor/lib64/vendor.mediatek.hardware.mms@1.4.so	vendor/lib64/vendor.mediatek.hardware.mms@1.4.so	23769ea80c13c068b1ca5a5f1dc30b0a7b079e121d5f27dde4d30f95baaaf437	No matching source implementation established in this bounded inventory; see family discussion	retained_unchanged	vendor/lib64/vendor.mediatek.hardware.mms@1.4.so	retained vendor payload
RETAIN-ELF	matching_source_unknown	graphics	64	vendor/lib64/vendor.mediatek.hardware.mms@1.5.so	vendor/lib64/vendor.mediatek.hardware.mms@1.5.so	5b47e36faec551e4fe3207af31cc91b9297f29ec82b4a7071c51bb42ec50238f	No matching source implementation established in this bounded inventory; see family discussion	retained_unchanged	vendor/lib64/vendor.mediatek.hardware.mms@1.5.so	retained vendor payload
RETAIN-ELF	matching_source_unknown	graphics	64	vendor/lib64/vendor.mediatek.hardware.pq@2.0.so	vendor/lib64/vendor.mediatek.hardware.pq@2.0.so	d612cabb77d4f8892278d3a145ed00b848f750576a63346fea4f11a3fa1d12be	No matching source implementation established in this bounded inventory; see family discussion	retained_unchanged	vendor/lib64/vendor.mediatek.hardware.pq@2.0.so	retained vendor payload
RETAIN-ELF	matching_source_unknown	graphics	64	vendor/bin/hw/vendor.mediatek.hardware.mms@1.5-service	vendor/bin/hw/vendor.mediatek.hardware.mms@1.5-service	1a53058ed32241992f82edf8ea3d8bb5da857bf1bd0abc4cf40b78d83119c3c4	No matching source implementation established in this bounded inventory; see family discussion	retained_unchanged	vendor/bin/hw/vendor.mediatek.hardware.mms@1.5-service	retained vendor payload
RETAIN-ELF	matching_source_unknown	graphics	64	vendor/bin/hw/vendor.mediatek.hardware.pq@2.2-service	vendor/bin/hw/vendor.mediatek.hardware.pq@2.2-service	859928c744e3eec38623b2024a960bef3faa27a9ab7842d9b2a12c82c053c0b1	No matching source implementation established in this bounded inventory; see family discussion	retained_unchanged	vendor/bin/hw/vendor.mediatek.hardware.pq@2.2-service	retained vendor payload
RETAIN-DATA	configuration_or_resource	graphics	data	vendor/etc/init/vendor.mediatek.hardware.mms@1.5-service.rc	vendor/etc/init/vendor.mediatek.hardware.mms@1.5-service.rc	6e7a106df35232ebf75b8e59898eaf573d803e274a953641453a9ad4369a724a	Init, configuration, certificates, or tuning data; retain board/carrier values unless paired with a source migration	retained_unchanged	vendor/etc/init/vendor.mediatek.hardware.mms@1.5-service.rc	retained vendor payload
RETAIN-DATA	configuration_or_resource	graphics	data	vendor/etc/init/vendor.mediatek.hardware.pq@2.2-service.rc	vendor/etc/init/vendor.mediatek.hardware.pq@2.2-service.rc	1de61b823621c11eedf426fffcd13fe7fdbbf1166ab13851a1ec074d876c2a5d	Init, configuration, certificates, or tuning data; retain board/carrier values unless paired with a source migration	retained_unchanged	vendor/etc/init/vendor.mediatek.hardware.pq@2.2-service.rc	retained vendor payload
RETAIN-ELF	matching_source_unknown	graphics	64	vendor/lib64/hw/vendor.mediatek.hardware.mms@1.5-impl.so	vendor/lib64/hw/vendor.mediatek.hardware.mms@1.5-impl.so	4bad08afe6266bf786c116b3e796f00de9b44433a604df8b2de68826dc5e9f40	No matching source implementation established in this bounded inventory; see family discussion	retained_unchanged	vendor/lib64/hw/vendor.mediatek.hardware.mms@1.5-impl.so	retained vendor payload
RETAIN-ELF	matching_source_unknown	graphics	64	vendor/lib64/hw/vendor.mediatek.hardware.pq@2.3-impl.so	vendor/lib64/hw/vendor.mediatek.hardware.pq@2.3-impl.so	c3ab8d34bca9679316cd6ba85294cab2375eeebda6554dd70e15c579ec7f1ddb	No matching source implementation established in this bounded inventory; see family discussion	retained_unchanged	vendor/lib64/hw/vendor.mediatek.hardware.pq@2.3-impl.so	retained vendor payload
RETAIN-ELF	matching_source_unknown	graphics	64	vendor/lib64/vendor.mediatek.hardware.pq@2.1.so	vendor/lib64/vendor.mediatek.hardware.pq@2.1.so	2cc4e78e0a64d65a4646c03186efad365e77a4d14537d47d9ced5e7658a56c30	No matching source implementation established in this bounded inventory; see family discussion	retained_unchanged	vendor/lib64/vendor.mediatek.hardware.pq@2.1.so	retained vendor payload
RETAIN-ELF	matching_source_unknown	graphics	64	vendor/lib64/vendor.mediatek.hardware.pq@2.2.so	vendor/lib64/vendor.mediatek.hardware.pq@2.2.so	33f515cd41716ad8a8475f5b3595921c4bf3b6da7a304a0ccaa0f019d808e527	No matching source implementation established in this bounded inventory; see family discussion	retained_unchanged	vendor/lib64/vendor.mediatek.hardware.pq@2.2.so	retained vendor payload
RETAIN-ELF	matching_source_unknown	graphics	64	vendor/lib64/vendor.mediatek.hardware.pq@2.3.so	vendor/lib64/vendor.mediatek.hardware.pq@2.3.so	c758a979c2b224d961eb4a8f2444576947c5c3ef91346860a5b3d46474db14b1	No matching source implementation established in this bounded inventory; see family discussion	retained_unchanged	vendor/lib64/vendor.mediatek.hardware.pq@2.3.so	retained vendor payload
SR09	source_backport	sensors	64	vendor/bin/hw/android.hardware.sensors@2.0-service-mediatek	vendor/bin/hw/android.hardware.sensors@2.0-service	36c0d5f36c40d4fd9f035e0155a99fcd9c2574bdf7eef32c95ae879088bf90fe	AOSP R 2.0 Multi-HAL plus LineageOS 805d2534 sensors legacy sub-HAL	removed_paired_source_provider	vendor/bin/hw/android.hardware.sensors@2.0-service	device/xsh/k50sv1_64_bsp/sensors-hal
RETAIN-ELF	matching_source_unknown	sensors	64	vendor/lib64/hw/sensors.mt6755.so	vendor/lib64/hw/sensors.mt6755.stock.so	57faa0a1d39ee3b65c32f49b3cc786dbd8fac5c02e58353ad533cec1212de516	No matching source implementation established in this bounded inventory; see family discussion	retained_unchanged	vendor/lib64/hw/sensors.mt6755.stock.so	retained vendor payload
RETAIN-ELF	matching_source_unknown	sensors	64	vendor/lib64/libaedv.so	vendor/lib64/libaedv.so	71b71dc159b0ae19df05948198fc39256a97f6b47fda8085b7dbc3e9ad9e7526	No matching source implementation established in this bounded inventory; see family discussion	retained_unchanged	vendor/lib64/libaedv.so	retained vendor payload
RETAIN-ELF	matching_source_unknown	sensors	64	vendor/lib64/libksensor.so	vendor/lib64/libksensor.so	19f38f44ba37bea1cc6976f4890ae377cf37f7337b60612ea46558fcfd7262f8	No matching source implementation established in this bounded inventory; see family discussion	retained_unchanged	vendor/lib64/libksensor.so	retained vendor payload
SR15	source_port	legacy-hals	64	vendor/lib64/hw/lights.mt6755.so	vendor/lib64/hw/lights.mt6755.so	734608bd56106d6a2a7bdf6ba58a08ba843300c42e0190e75d35dbea0130071d	AOSP hardware/lights.h and public LED sysfs implementations; board mapping required	retained_unchanged	vendor/lib64/hw/lights.mt6755.so	retained vendor payload
SR16	source_port	legacy-hals	64	vendor/lib64/hw/memtrack.mt6755.so	vendor/lib64/hw/memtrack.mt6755.so	2017306dbd92b10dd2ea7158907a3756b4ed2a29620c25661478b6115e4700b4	LineageOS android_hardware_mediatek 3c04cf3 aidl/memtrack parsers; legacy HMI adapter required	retained_unchanged	vendor/lib64/hw/memtrack.mt6755.so	retained vendor payload
SR17	source_port	legacy-hals	64	vendor/lib64/hw/thermal.mt6755.so	vendor/lib64/hw/thermal.mt6755.so	f64190c6a0a20b31d547392a58e56dd65d5f0b3d339b8e6b5ac733c255411c41	AOSP hardware/libhardware/modules/thermal with real MTK temp nodes and units	retained_unchanged	vendor/lib64/hw/thermal.mt6755.so	retained vendor payload
RETAIN-ELF	matching_source_unknown	thermal	32	vendor/bin/fuelgauged	vendor/bin/fuelgauged	d992215149dcccd7e9b44ec33327683ea502a830ac87665f8138e20c58974018	No matching source implementation established in this bounded inventory; see family discussion	retained_unchanged	vendor/bin/fuelgauged	retained vendor payload
RETAIN-ELF	matching_source_unknown	thermal	64	vendor/bin/thermal	vendor/bin/thermal	311c6b51f0b445c060601a2e2aa2d31c597119ebd207242a0850ad60c858b321	No matching source implementation established in this bounded inventory; see family discussion	retained_unchanged	vendor/bin/thermal	retained vendor payload
RETAIN-ELF	matching_source_unknown	thermal	32	vendor/bin/thermal_manager	vendor/bin/thermal_manager	bbb0fd6071d1151394766417bc82ba7fd2806a5416cd366bf060a70a2e8e16ae	No matching source implementation established in this bounded inventory; see family discussion	retained_unchanged	vendor/bin/thermal_manager	retained vendor payload
RETAIN-ELF	matching_source_unknown	thermal	32	vendor/bin/thermalloadalgod	vendor/bin/thermalloadalgod	39dfe3b0e4674c6803615a10ad754b3f70d644ebb84af420a746f4ab301bf820	No matching source implementation established in this bounded inventory; see family discussion	retained_unchanged	vendor/bin/thermalloadalgod	retained vendor payload
RETAIN-DATA	configuration_or_resource	thermal	data	vendor/etc/init/fuelgauged_init.rc	vendor/etc/init/fuelgauged_init.rc	c6ed285861915bf4e097219a519d2bbf0577fd298e76895e8353e551f93163a3	Init, configuration, certificates, or tuning data; retain board/carrier values unless paired with a source migration	retained_unchanged	vendor/etc/init/fuelgauged_init.rc	retained vendor payload
RETAIN-DATA	configuration_or_resource	thermal	data	vendor/etc/init/init.thermal.rc	vendor/etc/init/init.thermal.rc	8cf87bfd8728c85f591c789bb1f54fd97c2c3fcd51e0ad180a9b99fee169cf36	Init, configuration, certificates, or tuning data; retain board/carrier values unless paired with a source migration	retained_unchanged	vendor/etc/init/init.thermal.rc	retained vendor payload
RETAIN-DATA	configuration_or_resource	thermal	data	vendor/etc/init/init.thermal_manager.rc	vendor/etc/init/init.thermal_manager.rc	d739fb217b0cfe5b951920efb36d236121f9db7b0c96210b4d3bf4cd482e12d2	Init, configuration, certificates, or tuning data; retain board/carrier values unless paired with a source migration	retained_unchanged	vendor/etc/init/init.thermal_manager.rc	retained vendor payload
RETAIN-DATA	configuration_or_resource	thermal	data	vendor/etc/init/init.thermalloadalgod.rc	vendor/etc/init/init.thermalloadalgod.rc	c4b574f224b859fb9c0b59e7e31666af58b469890fe15f4da0e7ba36953a27e7	Init, configuration, certificates, or tuning data; retain board/carrier values unless paired with a source migration	retained_unchanged	vendor/etc/init/init.thermalloadalgod.rc	retained vendor payload
RETAIN-DATA	configuration_or_resource	thermal	data	vendor/etc/.tp/.ht120.mtc	vendor/etc/.tp/.ht120.mtc	7c3763c4338a38a936ccda02feb42f6b9651f1e67d797b5a3fd59a47326b3d9e	Init, configuration, certificates, or tuning data; retain board/carrier values unless paired with a source migration	retained_unchanged	vendor/etc/.tp/.ht120.mtc	retained vendor payload
RETAIN-DATA	configuration_or_resource	thermal	data	vendor/etc/.tp/.thermal_meta.conf	vendor/etc/.tp/.thermal_meta.conf	ea3d5526a5fe909865c6c598506736d24d28af8c7bbed0f505a1d3163b1e7a0a	Init, configuration, certificates, or tuning data; retain board/carrier values unless paired with a source migration	retained_unchanged	vendor/etc/.tp/.thermal_meta.conf	retained vendor payload
RETAIN-DATA	configuration_or_resource	thermal	data	vendor/etc/.tp/.thermal_policy_00	vendor/etc/.tp/.thermal_policy_00	238e3fe0da0fe43f88f756a6fa42aa2415721f3fb2787d832b63b84545945e13	Init, configuration, certificates, or tuning data; retain board/carrier values unless paired with a source migration	retained_unchanged	vendor/etc/.tp/.thermal_policy_00	retained vendor payload
RETAIN-DATA	configuration_or_resource	thermal	data	vendor/etc/.tp/.thermal_policy_01	vendor/etc/.tp/.thermal_policy_01	344ca88d97be513d2ac1947e8b8f9cb512200e8804e198c999bc9915a3652283	Init, configuration, certificates, or tuning data; retain board/carrier values unless paired with a source migration	retained_unchanged	vendor/etc/.tp/.thermal_policy_01	retained vendor payload
RETAIN-DATA	configuration_or_resource	thermal	data	vendor/etc/.tp/.thermal_policy_02	vendor/etc/.tp/.thermal_policy_02	7800347984838f490709fb080da31e76ce99991c2943c30651e2c9a9a40427ec	Init, configuration, certificates, or tuning data; retain board/carrier values unless paired with a source migration	retained_unchanged	vendor/etc/.tp/.thermal_policy_02	retained vendor payload
RETAIN-DATA	configuration_or_resource	thermal	data	vendor/etc/.tp/thermal.conf	vendor/etc/.tp/thermal.conf	0b6efc5c4456dc824c36f4e8d267e61967e26592846262d57a5a18f2d693e56d	Init, configuration, certificates, or tuning data; retain board/carrier values unless paired with a source migration	retained_unchanged	vendor/etc/.tp/thermal.conf	retained vendor payload
RETAIN-DATA	configuration_or_resource	thermal	data	vendor/etc/.tp/thermal.off.conf	vendor/etc/.tp/thermal.off.conf	e3967add9905060d3ec7d05cd20829e5b2e70f8c6233b9465f7aa647459049e2	Init, configuration, certificates, or tuning data; retain board/carrier values unless paired with a source migration	retained_unchanged	vendor/etc/.tp/thermal.off.conf	retained vendor payload
SR21	public_stub_not_equivalent	thermal	32	vendor/lib/libaedv.so	vendor/lib/libaedv.so	5873d5c8e7b671e3a1db9688ee48588aa5ca0ac2a689bd216f4aa51d35696529	LineageOS MTK public stubs omit diagnostic or performance behavior	retained_unchanged	vendor/lib/libaedv.so	retained vendor payload
RETAIN-ELF	matching_source_unknown	thermal	32	vendor/lib/libfgauge.so	vendor/lib/libfgauge.so	492e8cbade22fc8641de04cc900e7bf53a1d7411f3a2b32923e87889874e470d	No matching source implementation established in this bounded inventory; see family discussion	retained_unchanged	vendor/lib/libfgauge.so	retained vendor payload
RETAIN-ELF	matching_source_unknown	thermal	32	vendor/lib/libmtcloader.so	vendor/lib/libmtcloader.so	c61042035fddf63995373729c8c6db93d3deb8cc2b2a580a7ccbb71197fdd40d	No matching source implementation established in this bounded inventory; see family discussion	retained_unchanged	vendor/lib/libmtcloader.so	retained vendor payload
RETAIN-ELF	matching_source_unknown	thermal	32	vendor/lib/libthermalalgo.so	vendor/lib/libthermalalgo.so	ee91df39de6907a66ede44d2c035487f07724a6b2e9afebc1320b518622801ca	No matching source implementation established in this bounded inventory; see family discussion	retained_unchanged	vendor/lib/libthermalalgo.so	retained vendor payload
RETAIN-ELF	matching_source_unknown	thermal	64	vendor/lib64/libifcutils_mtk.so	vendor/lib64/libifcutils_mtk.so	c2a8138d079780af73f895f43c16f01a97f65caaec771079d269d0435cb1c6e1	No matching source implementation established in this bounded inventory; see family discussion	retained_unchanged	vendor/lib64/libifcutils_mtk.so	retained vendor payload
RETAIN-ELF	matching_source_unknown	thermal	64	vendor/lib64/libmtcloader.so	vendor/lib64/libmtcloader.so	c26fc3390d8d47333cb5631d7afdad392f01e4fe1881072b2e85355f7727911c	No matching source implementation established in this bounded inventory; see family discussion	retained_unchanged	vendor/lib64/libmtcloader.so	retained vendor payload
RETAIN-ELF	matching_source_unknown	power	64	vendor/bin/hw/vendor.mediatek.hardware.mtkpower@1.0-service	vendor/bin/hw/vendor.mediatek.hardware.mtkpower@1.0-service	5b621e70073712e1b2761bec2e388d91c46340c6ab33daaa7f555043c81aba78	No matching source implementation established in this bounded inventory; see family discussion	retained_unchanged	vendor/bin/hw/vendor.mediatek.hardware.mtkpower@1.0-service	retained vendor payload
RETAIN-ELF	matching_source_unknown	power	32	vendor/lib/vendor.mediatek.hardware.power@2.1.so	vendor/lib/vendor.mediatek.hardware.power@2.1.so	70cc2bcca3702129378ac072e61cff9cbaa19e554aca4e941ed7833302138e03	No matching source implementation established in this bounded inventory; see family discussion	retained_unchanged	vendor/lib/vendor.mediatek.hardware.power@2.1.so	retained vendor payload
RETAIN-ELF	matching_source_unknown	power	64	vendor/lib64/hw/android.hardware.power@1.3-impl-mediatek.so	vendor/lib64/hw/android.hardware.power@1.3-impl-mediatek.so	c8a04fc5a1905a121a450cd39f02b273bb97fe48b85a3f4fd6a39edcf5ad8143	No matching source implementation established in this bounded inventory; see family discussion	retained_unchanged	vendor/lib64/hw/android.hardware.power@1.3-impl-mediatek.so	retained vendor payload
RETAIN-ELF	matching_source_unknown	power	64	vendor/lib64/hw/vendor.mediatek.hardware.mtkpower@1.0-impl.so	vendor/lib64/hw/vendor.mediatek.hardware.mtkpower@1.0-impl.so	7c0fe1dd4b3f90e847e58181dd4a8eb5bdb790befe8dfd5aa140114e772eace1	No matching source implementation established in this bounded inventory; see family discussion	retained_unchanged	vendor/lib64/hw/vendor.mediatek.hardware.mtkpower@1.0-impl.so	retained vendor payload
RETAIN-ELF	matching_source_unknown	power	64	vendor/lib64/hw/vendor.mediatek.hardware.power@2.1-impl.so	vendor/lib64/hw/vendor.mediatek.hardware.power@2.1-impl.so	e1a9b7d1a197a4958df8a826787463fc834978bef8245f27b0dc62963de92d0c	No matching source implementation established in this bounded inventory; see family discussion	retained_unchanged	vendor/lib64/hw/vendor.mediatek.hardware.power@2.1-impl.so	retained vendor payload
RETAIN-ELF	matching_source_unknown	power	64	vendor/lib64/libperfctl_vendor.so	vendor/lib64/libperfctl_vendor.so	421374cac9b001848dc928695fba6766d5d7cccee22b9522d5bd5228443b5d4c	No matching source implementation established in this bounded inventory; see family discussion	retained_unchanged	vendor/lib64/libperfctl_vendor.so	retained vendor payload
RETAIN-ELF	matching_source_unknown	power	64	vendor/lib64/libpowerhal.so	vendor/lib64/libpowerhal.so	a7a777a8f845579b083cf81107b5c838b8d312f067421a0ffb12891a5fcd39cf	No matching source implementation established in this bounded inventory; see family discussion	retained_unchanged	vendor/lib64/libpowerhal.so	retained vendor payload
SR08	source_abi_check	power	64	vendor/lib64/vendor.mediatek.hardware.mtkpower@1.0.so	vendor/lib64/vendor.mediatek.hardware.mtkpower@1.0.so	e6e42298efbae6fcbc6e8b703bbf2c61f125a324ddd3f2a99a1edd5b6e32944b	LineageOS android_hardware_mediatek 3c04cf3 interfaces/hardware/mtkpower/1.0	retained_unchanged	vendor/lib64/vendor.mediatek.hardware.mtkpower@1.0.so	retained vendor payload
RETAIN-ELF	matching_source_unknown	power	64	vendor/lib64/vendor.mediatek.hardware.power@2.0.so	vendor/lib64/vendor.mediatek.hardware.power@2.0.so	816de1d73d183759923392c9591ac21f433ea2c1c72bcfa5a9fa054293d797c8	No matching source implementation established in this bounded inventory; see family discussion	retained_unchanged	vendor/lib64/vendor.mediatek.hardware.power@2.0.so	retained vendor payload
RETAIN-ELF	matching_source_unknown	power	64	vendor/lib64/vendor.mediatek.hardware.power@2.1.so	vendor/lib64/vendor.mediatek.hardware.power@2.1.so	371ca1a2b4926198cd68fbf1049ca79a410f4053ff4a55a25c92d35e0b89f870	No matching source implementation established in this bounded inventory; see family discussion	retained_unchanged	vendor/lib64/vendor.mediatek.hardware.power@2.1.so	retained vendor payload
SR05	source_port_authorized	gatekeeper	64	vendor/lib64/hw/libSoftGatekeeper.so	vendor/lib64/hw/gatekeeper.default.so	a48349adba6e54500fb39cd4604a8d0979057728b88b7268719d5a8464fc6f9a	AOSP system/core/gatekeeperd/SoftGateKeeper* with verified HAL routing flag compatibility	removed_paired_source_provider	vendor/lib64/hw/gatekeeper.default.so	device/xsh/k50sv1_64_bsp/gatekeeper
SR14	source_port	usb	64	vendor/bin/hw/android.hardware.usb@1.1-service-mediatek	vendor/bin/hw/android.hardware.usb@1.1-service-mediatek	aba123a38640d4aaf6a11f1e96cb8ab1c84d81bdaf9e0f11cc2322adf0520040	AOSP hardware/interfaces/usb/1.0/default plus 1.1 status adapter; preserve accessory/dual-role contract	retained_unchanged	vendor/bin/hw/android.hardware.usb@1.1-service-mediatek	retained vendor payload
RETAIN-DATA	configuration_or_resource	usb	data	vendor/etc/init/android.hardware.usb@1.1-service-mediatek.rc	vendor/etc/init/android.hardware.usb@1.1-service-mediatek.rc	00eb71a0d4240593d4626fd3f051c5a0bfca290895af7e458f8503406bc94011	Init, configuration, certificates, or tuning data; retain board/carrier values unless paired with a source migration	retained_unchanged	vendor/etc/init/android.hardware.usb@1.1-service-mediatek.rc	retained vendor payload
RETAIN-ELF	matching_source_unknown	spm	64	vendor/bin/spm_loader	vendor/bin/spm_loader	f724dddc29233b13b35f494f13668698dd4fc25e3620a1f8ede4e0dee816485e	No matching source implementation established in this bounded inventory; see family discussion	retained_unchanged	vendor/bin/spm_loader	retained vendor payload
RETAIN-DATA	configuration_or_resource	spm	data	vendor/etc/init/spm_script.rc	vendor/etc/init/spm_script.rc	8c62742cf2e043b13ae42683e0fc57027a5082a68e769302c92ffa24fdf80c7b	Init, configuration, certificates, or tuning data; retain board/carrier values unless paired with a source migration	retained_unchanged	vendor/etc/init/spm_script.rc	retained vendor payload
RETAIN-FW	firmware_data	spm	data	vendor/firmware/pcm_deepidle_by_mp1_m.bin	vendor/firmware/pcm_deepidle_by_mp1_m.bin	77fab2349e2c6fbb373c302ed123d00b5377779e2307a4d73749dc6ce974abc1	Firmware is still required by source drivers; no matching firmware algorithm source identified	retained_unchanged	vendor/firmware/pcm_deepidle_by_mp1_m.bin	retained vendor payload
RETAIN-FW	firmware_data	spm	data	vendor/firmware/pcm_deepidle_by_mp1_r.bin	vendor/firmware/pcm_deepidle_by_mp1_r.bin	33db80f577d9afe2ed1234d41f986b2cd99f3e1fdfabfb50afdd91a7b8615906	Firmware is still required by source drivers; no matching firmware algorithm source identified	retained_unchanged	vendor/firmware/pcm_deepidle_by_mp1_r.bin	retained vendor payload
RETAIN-FW	firmware_data	spm	data	vendor/firmware/pcm_deepidle_m.bin	vendor/firmware/pcm_deepidle_m.bin	4a2d5a265c506e1bfee758abf1c137ff234d34ff29d36b8ad47886ec4dc02564	Firmware is still required by source drivers; no matching firmware algorithm source identified	retained_unchanged	vendor/firmware/pcm_deepidle_m.bin	retained vendor payload
RETAIN-FW	firmware_data	spm	data	vendor/firmware/pcm_deepidle_r.bin	vendor/firmware/pcm_deepidle_r.bin	0a8154f27f3439f1d81a697c30bbe8e35c577bd686d054b4ca6f7f3be6ada399	Firmware is still required by source drivers; no matching firmware algorithm source identified	retained_unchanged	vendor/firmware/pcm_deepidle_r.bin	retained vendor payload
RETAIN-FW	firmware_data	spm	data	vendor/firmware/pcm_sodi_ddrdfs_by_mp1_m.bin	vendor/firmware/pcm_sodi_ddrdfs_by_mp1_m.bin	c934486529909f62be57f0042e49709c737327ecde663887854bebfcce11dec6	Firmware is still required by source drivers; no matching firmware algorithm source identified	retained_unchanged	vendor/firmware/pcm_sodi_ddrdfs_by_mp1_m.bin	retained vendor payload
RETAIN-FW	firmware_data	spm	data	vendor/firmware/pcm_sodi_ddrdfs_by_mp1_r.bin	vendor/firmware/pcm_sodi_ddrdfs_by_mp1_r.bin	5aa6de67308998bab43c8b0620c4c2973f02cc0ab2246b5b0b5753e4e8513278	Firmware is still required by source drivers; no matching firmware algorithm source identified	retained_unchanged	vendor/firmware/pcm_sodi_ddrdfs_by_mp1_r.bin	retained vendor payload
RETAIN-FW	firmware_data	spm	data	vendor/firmware/pcm_sodi_ddrdfs_m.bin	vendor/firmware/pcm_sodi_ddrdfs_m.bin	a8551084b422ff419fc74b60525e91ba5a3f026903dea77cbcffd3639405e302	Firmware is still required by source drivers; no matching firmware algorithm source identified	retained_unchanged	vendor/firmware/pcm_sodi_ddrdfs_m.bin	retained vendor payload
RETAIN-FW	firmware_data	spm	data	vendor/firmware/pcm_sodi_ddrdfs_r.bin	vendor/firmware/pcm_sodi_ddrdfs_r.bin	fed7e2e5bf0b40ed5584fd1929b30cf1a290d100c65b75d6bfebac4ee9ec9584	Firmware is still required by source drivers; no matching firmware algorithm source identified	retained_unchanged	vendor/firmware/pcm_sodi_ddrdfs_r.bin	retained vendor payload
RETAIN-FW	firmware_data	spm	data	vendor/firmware/pcm_suspend_by_mp1_m.bin	vendor/firmware/pcm_suspend_by_mp1_m.bin	24b994f1e11f580c6f592cdef680b0e290495bf10b7cbb7af432daa4e59be253	Firmware is still required by source drivers; no matching firmware algorithm source identified	retained_unchanged	vendor/firmware/pcm_suspend_by_mp1_m.bin	retained vendor payload
RETAIN-FW	firmware_data	spm	data	vendor/firmware/pcm_suspend_by_mp1_r.bin	vendor/firmware/pcm_suspend_by_mp1_r.bin	d86572b98e6d66c73e87aaee1125a8e50d283c2b2be9321978e51c76ad4ce7a7	Firmware is still required by source drivers; no matching firmware algorithm source identified	retained_unchanged	vendor/firmware/pcm_suspend_by_mp1_r.bin	retained vendor payload
RETAIN-FW	firmware_data	spm	data	vendor/firmware/pcm_suspend_m.bin	vendor/firmware/pcm_suspend_m.bin	706a7be966bb6c02b0e01258eae488e827e3ab3e427090a1f75a0ccf4a1bc6c4	Firmware is still required by source drivers; no matching firmware algorithm source identified	retained_unchanged	vendor/firmware/pcm_suspend_m.bin	retained vendor payload
RETAIN-FW	firmware_data	spm	data	vendor/firmware/pcm_suspend_r.bin	vendor/firmware/pcm_suspend_r.bin	bec259a6a2fb5bbdb0d2aafdac873602128ab81fe97b36d218c4b25062268d1d	Firmware is still required by source drivers; no matching firmware algorithm source identified	retained_unchanged	vendor/firmware/pcm_suspend_r.bin	retained vendor payload
OWNED-KO	delegated	modules	64	vendor/lib/modules/wmt_drv.ko	vendor/lib/modules/wmt_drv.ko	f30b22f3c39b8dd5816fee034c6b19d422c608768b345bded7cb29e574cb1c46	Five connectivity source modules owned by integration agent	removed_paired_source_provider	vendor/lib/modules/wmt_drv.ko	source kernel Kbuild; see build receipt module provenance
OWNED-KO	delegated	modules	64	vendor/lib/modules/wmt_chrdev_wifi.ko	vendor/lib/modules/wmt_chrdev_wifi.ko	c1372b4c3759186179ec8c2e720ef05ae771d2a16a36b84e2d8e07fbca155a19	Five connectivity source modules owned by integration agent	removed_paired_source_provider	vendor/lib/modules/wmt_chrdev_wifi.ko	source kernel Kbuild; see build receipt module provenance
OWNED-KO	delegated	modules	64	vendor/lib/modules/wlan_drv_gen2.ko	vendor/lib/modules/wlan_drv_gen2.ko	658b5fa6378267368c4b809f540b270efaee80062c374fb7250db7928a8bb84f	Five connectivity source modules owned by integration agent	removed_paired_source_provider	vendor/lib/modules/wlan_drv_gen2.ko	source kernel Kbuild; see build receipt module provenance
OWNED-KO	delegated	modules	64	vendor/lib/modules/bt_drv.ko	vendor/lib/modules/bt_drv.ko	d64e7dccc2453ab00dca022f68193940de303c282abcaeb1c67b46ffe7925a4b	Five connectivity source modules owned by integration agent	removed_paired_source_provider	vendor/lib/modules/bt_drv.ko	source kernel Kbuild; see build receipt module provenance
OWNED-KO	delegated	modules	64	vendor/lib/modules/gps_drv.ko	vendor/lib/modules/gps_drv.ko	af865da4f38bbf45a31222ecd2b0445926eecd41e391bdd11abd0e49c1033949	Five connectivity source modules owned by integration agent	removed_paired_source_provider	vendor/lib/modules/gps_drv.ko	source kernel Kbuild; see build receipt module provenance
SR03	delegated_source_ready	audio	32	vendor/bin/hw/android.hardware.audio@5.0-service-mediatek	vendor/bin/hw/android.hardware.audio@5.0-service-mediatek	4b9217f439be7f77d6887d84a008de749da96e64a5ba8ce71f033a655d244da2	AOSP hardware/interfaces/audio/common/all-versions/default/service	removed_paired_source_provider	vendor/bin/hw/android.hardware.audio@5.0-service-mediatek	device/xsh/k50sv1_64_bsp/audio
RETAIN-DATA	configuration_or_resource	audio	data	vendor/etc/init/android.hardware.audio@5.0-service-mediatek.rc	vendor/etc/init/android.hardware.audio@5.0-service-mediatek.rc	b162ea7de962ced35584459e49daba6bebcbaa0d0ad510bc546ac9c5f5b9b26e	Init, configuration, certificates, or tuning data; retain board/carrier values unless paired with a source migration	removed_paired_source_provider	vendor/etc/init/android.hardware.audio@5.0-service-mediatek.rc	source-owned init recipe paired with the replacement service
RETAIN-ELF	matching_source_unknown	audio	32	vendor/lib/hw/android.hardware.audio@5.0-impl-mediatek.so	vendor/lib/hw/android.hardware.audio@5.0-impl-mediatek.so	1d834c01e77e874686cc97122c709b609216e1f44ae8a6f23df0e5331538ea93	No matching source implementation established in this bounded inventory; see family discussion	retained_unchanged	vendor/lib/hw/android.hardware.audio@5.0-impl-mediatek.so	retained vendor payload
RETAIN-ELF	matching_source_unknown	audio	32	vendor/lib/hw/audio.primary.mt6755.so	vendor/lib/hw/audio.primary.mt6755.so	df892b1051854ef10e16d11ddeee27b28e3dabaf24573d7aa940301d4b0dd233	No matching source implementation established in this bounded inventory; see family discussion	retained_unchanged	vendor/lib/hw/audio.primary.mt6755.so	retained vendor payload
OWNED-LIB	delegated	audio	32	vendor/lib/hw/audio.bluetooth.default.so	vendor/lib/hw/audio.bluetooth.default.so	3ae20675ed7cdbd54fa28875d3ac2c8bad46bf160a5ec5fb859727c9767a0d6c	AOSP graphics/audio/tinycompress ABI work owned by storage agent	removed_paired_source_provider	vendor/lib/hw/audio.bluetooth.default.so	system/bt/audio_bluetooth_hw
RETAIN-ELF	matching_source_unknown	audio	32	vendor/lib/vendor.mediatek.hardware.audio@5.1.so	vendor/lib/vendor.mediatek.hardware.audio@5.1.so	3f804d6e9675ecada942078f79f9dc153a66a8bcfac4d64ec881aec98217f57b	No matching source implementation established in this bounded inventory; see family discussion	retained_unchanged	vendor/lib/vendor.mediatek.hardware.audio@5.1.so	retained vendor payload
RETAIN-ELF	matching_source_unknown	audio	32	vendor/lib/libaudio_param_parser-vnd.so	vendor/lib/libaudio_param_parser-vnd.so	9fb22ed95102b87e32741a7143afb02640292695d9f45bda2a94f6641ab5ba71	No matching source implementation established in this bounded inventory; see family discussion	retained_unchanged	vendor/lib/libaudio_param_parser-vnd.so	retained vendor payload
RETAIN-ELF	matching_source_unknown	audio	32	vendor/lib/libaudiocompensationfilter_vendor.so	vendor/lib/libaudiocompensationfilter_vendor.so	c0537f636fe0cf735906a005f7e59294d546a7d2c7efea168cc8697a712c69cb	No matching source implementation established in this bounded inventory; see family discussion	retained_unchanged	vendor/lib/libaudiocompensationfilter_vendor.so	retained vendor payload
RETAIN-ELF	matching_source_unknown	audio	32	vendor/lib/libaudiocomponentengine_vendor.so	vendor/lib/libaudiocomponentengine_vendor.so	2453fe52ce11cadb82e007d59bba8ddeb8bda1fd892887e08aaded21bbe40bdb	No matching source implementation established in this bounded inventory; see family discussion	retained_unchanged	vendor/lib/libaudiocomponentengine_vendor.so	retained vendor payload
RETAIN-ELF	matching_source_unknown	audio	32	vendor/lib/libaudiocustparam_vendor.so	vendor/lib/libaudiocustparam_vendor.so	a8d46745ef913fad903d50c40be8610b05156ec730946abfa5cb42c0baec0ce2	No matching source implementation established in this bounded inventory; see family discussion	retained_unchanged	vendor/lib/libaudiocustparam_vendor.so	retained vendor payload
RETAIN-ELF	matching_source_unknown	audio	32	vendor/lib/libaudiodcrflt_vendor.so	vendor/lib/libaudiodcrflt_vendor.so	769596499c95166747218e1dd73289353daee224950f3a5aa4210704b21978a9	No matching source implementation established in this bounded inventory; see family discussion	retained_unchanged	vendor/lib/libaudiodcrflt_vendor.so	retained vendor payload
RETAIN-ELF	matching_source_unknown	audio	32	vendor/lib/libaudioprimarydevicehalifclient.so	vendor/lib/libaudioprimarydevicehalifclient.so	7f3123b8332ebe0df5bb819b66797136b0726fe734a93e240f95bd8da1c25d59	No matching source implementation established in this bounded inventory; see family discussion	retained_unchanged	vendor/lib/libaudioprimarydevicehalifclient.so	retained vendor payload
RETAIN-ELF	matching_source_unknown	audio	32	vendor/lib/libaudiotoolkit_vendor.so	vendor/lib/libaudiotoolkit_vendor.so	bff7fef51d053efa2051643c331b94466cfd9e2e40b8ea99926918ecf67a147f	No matching source implementation established in this bounded inventory; see family discussion	retained_unchanged	vendor/lib/libaudiotoolkit_vendor.so	retained vendor payload
RETAIN-ELF	matching_source_unknown	audio	32	vendor/lib/libbessound_hd_mtk_vendor.so	vendor/lib/libbessound_hd_mtk_vendor.so	8a8e6739d2032e25eb4814f229ae19ac72b4297d465d31539cbd86f21804371b	No matching source implementation established in this bounded inventory; see family discussion	retained_unchanged	vendor/lib/libbessound_hd_mtk_vendor.so	retained vendor payload
RETAIN-ELF	matching_source_unknown	audio	32	vendor/lib/libblisrc32_vendor.so	vendor/lib/libblisrc32_vendor.so	c95b853a6140883e898116ef9ca090dc22e7b51ce0c18d83a2a0369416d90809	No matching source implementation established in this bounded inventory; see family discussion	retained_unchanged	vendor/lib/libblisrc32_vendor.so	retained vendor payload
OWNED-LIB	delegated	audio	32	vendor/lib/libbluetooth_audio_session_mediatek.so	vendor/lib/libbluetooth_audio_session_mediatek.so	7dd67cd5585c6742906302ee6ba7ac8fe076202056fa7af22d7f7ee4b5e6c166	AOSP graphics/audio/tinycompress ABI work owned by storage agent	removed_paired_source_provider	vendor/lib/libbluetooth_audio_session.so	hardware/interfaces/bluetooth/audio/2.0/default
RETAIN-ELF	matching_source_unknown	audio	32	vendor/lib/libbluetooth_mtk_pure.so	vendor/lib/libbluetooth_mtk_pure.so	2df8de536475be0cdcc1b0257fff91f56e03a8ad59ab0b6b02f2927d9fc85e0d	No matching source implementation established in this bounded inventory; see family discussion	retained_unchanged	vendor/lib/libbluetooth_mtk_pure.so	retained vendor payload
RETAIN-ELF	matching_source_unknown	audio	32	vendor/lib/libcvsd_mtk.so	vendor/lib/libcvsd_mtk.so	9e7083cfe96feb967a81c19a2e7f93d53b128821dee24110fe49796d0873b6f2	No matching source implementation established in this bounded inventory; see family discussion	retained_unchanged	vendor/lib/libcvsd_mtk.so	retained vendor payload
RETAIN-ELF	matching_source_unknown	audio	32	vendor/lib/libmsbc_mtk.so	vendor/lib/libmsbc_mtk.so	8bf1ff26c862cf5c35532dd2ed5c744bc79c07586fee64d424dd3fbb31d619d3	No matching source implementation established in this bounded inventory; see family discussion	retained_unchanged	vendor/lib/libmsbc_mtk.so	retained vendor payload
RETAIN-ELF	matching_source_unknown	audio	32	vendor/lib/libmtklimiter_vendor.so	vendor/lib/libmtklimiter_vendor.so	8b38384f13e1b01adfeefbeb593922e331ec27a16bee50ef8c83816788591597	No matching source implementation established in this bounded inventory; see family discussion	retained_unchanged	vendor/lib/libmtklimiter_vendor.so	retained vendor payload
RETAIN-ELF	matching_source_unknown	audio	32	vendor/lib/libmtkshifter_vendor.so	vendor/lib/libmtkshifter_vendor.so	c30a7257a44908de2dcf90892156bc8e967c570af74461df45d5c61e6c847632	No matching source implementation established in this bounded inventory; see family discussion	retained_unchanged	vendor/lib/libmtkshifter_vendor.so	retained vendor payload
RETAIN-ELF	matching_source_unknown	audio	32	vendor/lib/libspeech_enh_lib.so	vendor/lib/libspeech_enh_lib.so	12a12fa638904f89fdc7f886416131ca4bcce41dbf5af600b002b5cfaf12e3d8	No matching source implementation established in this bounded inventory; see family discussion	retained_unchanged	vendor/lib/libspeech_enh_lib.so	retained vendor payload
OWNED-LIB	delegated	audio	32	vendor/lib/libtinycompress.so	vendor/lib/libtinycompress.so	261550f107c4e9063be67b4e93215d25e4893a88ccbd2c1f34819739bd1ad60e	AOSP graphics/audio/tinycompress ABI work owned by storage agent	removed_paired_source_provider	vendor/lib/libtinycompress.so	external/tinycompress
SR08	source_abi_check	audio	32	vendor/lib/vendor.mediatek.hardware.mtkpower@1.0.so	vendor/lib/vendor.mediatek.hardware.mtkpower@1.0.so	19730453a0150f92a7b60c4dfd26dfa63d365029e17a5993233f16705b0f6525	LineageOS android_hardware_mediatek 3c04cf3 interfaces/hardware/mtkpower/1.0	retained_unchanged	vendor/lib/vendor.mediatek.hardware.mtkpower@1.0.so	retained vendor payload
RETAIN-ELF	matching_source_unknown	audio	32	vendor/lib/vendor.mediatek.hardware.power@2.0.so	vendor/lib/vendor.mediatek.hardware.power@2.0.so	e4c76cf97cc001a6f7b1a14205d6da1d319c85225b33ea89d9697ef01cb47f5b	No matching source implementation established in this bounded inventory; see family discussion	retained_unchanged	vendor/lib/vendor.mediatek.hardware.power@2.0.so	retained vendor payload
OWNED-LIB	delegated	audio	64	vendor/lib64/hw/audio.bluetooth.default.so	vendor/lib64/hw/audio.bluetooth.default.so	c8f5e6bdc5e18a1b7c4c39394ff98ee16143e2ecc67b9b2458b29d3af59d8101	AOSP graphics/audio/tinycompress ABI work owned by storage agent	removed_paired_source_provider	vendor/lib64/hw/audio.bluetooth.default.so	system/bt/audio_bluetooth_hw
OWNED-LIB	delegated	audio	64	vendor/lib64/libtinycompress.so	vendor/lib64/libtinycompress.so	a7daf8d57b556e4c8e7d6942f8eac33f7cd26df724bd9893ba28772268119816	AOSP graphics/audio/tinycompress ABI work owned by storage agent	removed_paired_source_provider	vendor/lib64/libtinycompress.so	external/tinycompress
RETAIN-DATA	configuration_or_resource	audio	data	vendor/etc/audio_device.xml	vendor/etc/audio_device.xml	867ecce410ccd3fe828408dff902313e8911636038732b1ad103b1591cf6f58f	Init, configuration, certificates, or tuning data; retain board/carrier values unless paired with a source migration	retained_unchanged	vendor/etc/audio_device.xml	retained vendor payload
RETAIN-DATA	configuration_or_resource	audio	data	vendor/etc/audio_em.xml	vendor/etc/audio_em.xml	94ded9c8c3f250cbdd35b736b45968e2434a61f6597a3ebc1c950257f4c13bb7	Init, configuration, certificates, or tuning data; retain board/carrier values unless paired with a source migration	retained_unchanged	vendor/etc/audio_em.xml	retained vendor payload
RETAIN-DATA	configuration_or_resource	audio	data	vendor/etc/audio_param/AudioParamOptions.xml	vendor/etc/audio_param/AudioParamOptions.xml	78987a23027d0c8722d2630f827195e30521bd366ced45e5615698bb2f894666	Init, configuration, certificates, or tuning data; retain board/carrier values unless paired with a source migration	retained_unchanged	vendor/etc/audio_param/AudioParamOptions.xml	retained vendor payload
RETAIN-DATA	configuration_or_resource	audio	data	vendor/etc/audio_param/BtInfo_AudioParam.xml	vendor/etc/audio_param/BtInfo_AudioParam.xml	58c1057346a3b7c285b72de3ac203d53e15a1aeb56fe54d0c5be7e32c7652a72	Init, configuration, certificates, or tuning data; retain board/carrier values unless paired with a source migration	retained_unchanged	vendor/etc/audio_param/BtInfo_AudioParam.xml	retained vendor payload
RETAIN-DATA	configuration_or_resource	audio	data	vendor/etc/audio_param/BtInfo_ParamUnitDesc.xml	vendor/etc/audio_param/BtInfo_ParamUnitDesc.xml	67bb1f55d2c18937d6bcc48114218c102156d58e3a2d05fb6e60357f7ecd5540	Init, configuration, certificates, or tuning data; retain board/carrier values unless paired with a source migration	retained_unchanged	vendor/etc/audio_param/BtInfo_ParamUnitDesc.xml	retained vendor payload
RETAIN-DATA	configuration_or_resource	audio	data	vendor/etc/audio_param/HpImpedance_AudioParam.xml	vendor/etc/audio_param/HpImpedance_AudioParam.xml	b5a887d2569f706b31429c60c750184ae228d05ba527ddd6871e2e8c3641e03c	Init, configuration, certificates, or tuning data; retain board/carrier values unless paired with a source migration	retained_unchanged	vendor/etc/audio_param/HpImpedance_AudioParam.xml	retained vendor payload
RETAIN-DATA	configuration_or_resource	audio	data	vendor/etc/audio_param/HpImpedance_ParamUnitDesc.xml	vendor/etc/audio_param/HpImpedance_ParamUnitDesc.xml	58c6279ece06cea76f8b50c397af769057c8166a378c1f348d6bb18404865d0b	Init, configuration, certificates, or tuning data; retain board/carrier values unless paired with a source migration	retained_unchanged	vendor/etc/audio_param/HpImpedance_ParamUnitDesc.xml	retained vendor payload
RETAIN-DATA	configuration_or_resource	audio	data	vendor/etc/audio_param/MicInfo_AudioParam.xml	vendor/etc/audio_param/MicInfo_AudioParam.xml	1f0db96370fa5a9ec7ad281e32c8133dac216c9babfd0b60f19a2d76d7ee2235	Init, configuration, certificates, or tuning data; retain board/carrier values unless paired with a source migration	retained_unchanged	vendor/etc/audio_param/MicInfo_AudioParam.xml	retained vendor payload
RETAIN-DATA	configuration_or_resource	audio	data	vendor/etc/audio_param/MicInfo_ParamUnitDesc.xml	vendor/etc/audio_param/MicInfo_ParamUnitDesc.xml	fc98bebb68bffa2381c02ec9841c83e32c22ff22a2536f97ef08159a62fe2759	Init, configuration, certificates, or tuning data; retain board/carrier values unless paired with a source migration	retained_unchanged	vendor/etc/audio_param/MicInfo_ParamUnitDesc.xml	retained vendor payload
RETAIN-DATA	configuration_or_resource	audio	data	vendor/etc/audio_param/PlaybackACF_AudioParam.xml	vendor/etc/audio_param/PlaybackACF_AudioParam.xml	45786e0908d327a76dba664d86e945a1b00ccca44acab94568c5dcd2a47d5c41	Init, configuration, certificates, or tuning data; retain board/carrier values unless paired with a source migration	retained_unchanged	vendor/etc/audio_param/PlaybackACF_AudioParam.xml	retained vendor payload
RETAIN-DATA	configuration_or_resource	audio	data	vendor/etc/audio_param/PlaybackACF_ParamUnitDesc.xml	vendor/etc/audio_param/PlaybackACF_ParamUnitDesc.xml	9e8903f307962ce85acf1562597f6be322aa689d8ec14192b82b8c56981d272e	Init, configuration, certificates, or tuning data; retain board/carrier values unless paired with a source migration	retained_unchanged	vendor/etc/audio_param/PlaybackACF_ParamUnitDesc.xml	retained vendor payload
RETAIN-DATA	configuration_or_resource	audio	data	vendor/etc/audio_param/PlaybackDRC_AudioParam.xml	vendor/etc/audio_param/PlaybackDRC_AudioParam.xml	220ed621aca0d1549ca6739e9baf37c58f2fe771aaa0f6c737a039043d5d877e	Init, configuration, certificates, or tuning data; retain board/carrier values unless paired with a source migration	retained_unchanged	vendor/etc/audio_param/PlaybackDRC_AudioParam.xml	retained vendor payload
RETAIN-DATA	configuration_or_resource	audio	data	vendor/etc/audio_param/PlaybackDRC_ParamUnitDesc.xml	vendor/etc/audio_param/PlaybackDRC_ParamUnitDesc.xml	91ef40e4d9bac6132f499ffd69f325ab1523c94e2c78d0c318c94998a1cc96c6	Init, configuration, certificates, or tuning data; retain board/carrier values unless paired with a source migration	retained_unchanged	vendor/etc/audio_param/PlaybackDRC_ParamUnitDesc.xml	retained vendor payload
RETAIN-DATA	configuration_or_resource	audio	data	vendor/etc/audio_param/PlaybackHCF_AudioParam.xml	vendor/etc/audio_param/PlaybackHCF_AudioParam.xml	1dfa1fafb21755f8828712c4bd4f89bf3b54c233350feadb6ebfc8a7874e2a49	Init, configuration, certificates, or tuning data; retain board/carrier values unless paired with a source migration	retained_unchanged	vendor/etc/audio_param/PlaybackHCF_AudioParam.xml	retained vendor payload
RETAIN-DATA	configuration_or_resource	audio	data	vendor/etc/audio_param/PlaybackHCF_ParamUnitDesc.xml	vendor/etc/audio_param/PlaybackHCF_ParamUnitDesc.xml	bb1f8adb4cc12f05f4dc1612a078721527dfc4f9694149fff1e08968f454b7c6	Init, configuration, certificates, or tuning data; retain board/carrier values unless paired with a source migration	retained_unchanged	vendor/etc/audio_param/PlaybackHCF_ParamUnitDesc.xml	retained vendor payload
RETAIN-DATA	configuration_or_resource	audio	data	vendor/etc/audio_param/PlaybackVolAna_AudioParam.xml	vendor/etc/audio_param/PlaybackVolAna_AudioParam.xml	2c7ee8ef0e14ebb22a58690bbe98e543f5b752c6a20a02b6ec1efbc3fa66a8af	Init, configuration, certificates, or tuning data; retain board/carrier values unless paired with a source migration	retained_unchanged	vendor/etc/audio_param/PlaybackVolAna_AudioParam.xml	retained vendor payload
RETAIN-DATA	configuration_or_resource	audio	data	vendor/etc/audio_param/PlaybackVolAna_ParamUnitDesc.xml	vendor/etc/audio_param/PlaybackVolAna_ParamUnitDesc.xml	d3d9e5cf32908b6e21267cb5cb8cd97885021fc6f07027f9b16b30bfc1669960	Init, configuration, certificates, or tuning data; retain board/carrier values unless paired with a source migration	retained_unchanged	vendor/etc/audio_param/PlaybackVolAna_ParamUnitDesc.xml	retained vendor payload
RETAIN-DATA	configuration_or_resource	audio	data	vendor/etc/audio_param/PlaybackVolDigi_AudioParam.xml	vendor/etc/audio_param/PlaybackVolDigi_AudioParam.xml	002a9d0126a6816373403fc603275c583ef0ed947b77a2ba4f6d0b03e60d09db	Init, configuration, certificates, or tuning data; retain board/carrier values unless paired with a source migration	retained_unchanged	vendor/etc/audio_param/PlaybackVolDigi_AudioParam.xml	retained vendor payload
RETAIN-DATA	configuration_or_resource	audio	data	vendor/etc/audio_param/PlaybackVolDigi_ParamUnitDesc.xml	vendor/etc/audio_param/PlaybackVolDigi_ParamUnitDesc.xml	5c8562814640146e3aef9bc8e5e1c3ef8aa3cfd5cd15a7b26cf838e27a64a3fc	Init, configuration, certificates, or tuning data; retain board/carrier values unless paired with a source migration	retained_unchanged	vendor/etc/audio_param/PlaybackVolDigi_ParamUnitDesc.xml	retained vendor payload
RETAIN-DATA	configuration_or_resource	audio	data	vendor/etc/audio_param/PlaybackVolUI_AudioParam.xml	vendor/etc/audio_param/PlaybackVolUI_AudioParam.xml	529364622fd3400f5b342b940ec4bbaf6cc531cce43ae7c6c12775c1dc1b9833	Init, configuration, certificates, or tuning data; retain board/carrier values unless paired with a source migration	retained_unchanged	vendor/etc/audio_param/PlaybackVolUI_AudioParam.xml	retained vendor payload
RETAIN-DATA	configuration_or_resource	audio	data	vendor/etc/audio_param/PlaybackVolUI_ParamUnitDesc.xml	vendor/etc/audio_param/PlaybackVolUI_ParamUnitDesc.xml	80b252f75549666ab9c03cde05021d19db800fb52ebba3817e10bce8c24f396c	Init, configuration, certificates, or tuning data; retain board/carrier values unless paired with a source migration	retained_unchanged	vendor/etc/audio_param/PlaybackVolUI_ParamUnitDesc.xml	retained vendor payload
RETAIN-DATA	configuration_or_resource	audio	data	vendor/etc/audio_param/Playback_AudioParam.xml	vendor/etc/audio_param/Playback_AudioParam.xml	ed7fcdfac892189c96d1448420b7dc3795e771fb18ca227ad3b46472255e0238	Init, configuration, certificates, or tuning data; retain board/carrier values unless paired with a source migration	retained_unchanged	vendor/etc/audio_param/Playback_AudioParam.xml	retained vendor payload
RETAIN-DATA	configuration_or_resource	audio	data	vendor/etc/audio_param/Playback_ParamTreeView.xml	vendor/etc/audio_param/Playback_ParamTreeView.xml	e8e2fbef813240dcdde213e2ad347ca86d6399894314a85a7213786757d369d1	Init, configuration, certificates, or tuning data; retain board/carrier values unless paired with a source migration	retained_unchanged	vendor/etc/audio_param/Playback_ParamTreeView.xml	retained vendor payload
RETAIN-DATA	configuration_or_resource	audio	data	vendor/etc/audio_param/Playback_ParamUnitDesc.xml	vendor/etc/audio_param/Playback_ParamUnitDesc.xml	01543f193a19154b22380aea20e1daa76cdc0efae0eaeeca72f354a723140302	Init, configuration, certificates, or tuning data; retain board/carrier values unless paired with a source migration	retained_unchanged	vendor/etc/audio_param/Playback_ParamUnitDesc.xml	retained vendor payload
RETAIN-DATA	configuration_or_resource	audio	data	vendor/etc/audio_param/RecordDMNR_AudioParam.xml	vendor/etc/audio_param/RecordDMNR_AudioParam.xml	f6efeab2f0ccce0bd935e32312a7b6cacd907be31ddf5e1bddebc8c31ca21bf4	Init, configuration, certificates, or tuning data; retain board/carrier values unless paired with a source migration	retained_unchanged	vendor/etc/audio_param/RecordDMNR_AudioParam.xml	retained vendor payload
RETAIN-DATA	configuration_or_resource	audio	data	vendor/etc/audio_param/RecordDMNR_ParamUnitDesc.xml	vendor/etc/audio_param/RecordDMNR_ParamUnitDesc.xml	d20f2e51597634018243b5821da15596cf2812168bc3ac8220cc4836e79f00ca	Init, configuration, certificates, or tuning data; retain board/carrier values unless paired with a source migration	retained_unchanged	vendor/etc/audio_param/RecordDMNR_ParamUnitDesc.xml	retained vendor payload
RETAIN-DATA	configuration_or_resource	audio	data	vendor/etc/audio_param/RecordFIR_AudioParam.xml	vendor/etc/audio_param/RecordFIR_AudioParam.xml	0b01707cc432ece0428721b929a8907ce299f79eabfb5aa2076136cbe52f9ed5	Init, configuration, certificates, or tuning data; retain board/carrier values unless paired with a source migration	retained_unchanged	vendor/etc/audio_param/RecordFIR_AudioParam.xml	retained vendor payload
RETAIN-DATA	configuration_or_resource	audio	data	vendor/etc/audio_param/RecordFIR_ParamUnitDesc.xml	vendor/etc/audio_param/RecordFIR_ParamUnitDesc.xml	c610cae360f5b74058d1df1521f77e95611997c2e0fbfd0c414f6cb3c681db4c	Init, configuration, certificates, or tuning data; retain board/carrier values unless paired with a source migration	retained_unchanged	vendor/etc/audio_param/RecordFIR_ParamUnitDesc.xml	retained vendor payload
RETAIN-DATA	configuration_or_resource	audio	data	vendor/etc/audio_param/RecordUI_AudioParam.xml	vendor/etc/audio_param/RecordUI_AudioParam.xml	e4d5e01dbb08c8c0432547bdb7285cc4fc50ef8e90af95f2092b755388f7831f	Init, configuration, certificates, or tuning data; retain board/carrier values unless paired with a source migration	retained_unchanged	vendor/etc/audio_param/RecordUI_AudioParam.xml	retained vendor payload
RETAIN-DATA	configuration_or_resource	audio	data	vendor/etc/audio_param/RecordUI_ParamUnitDesc.xml	vendor/etc/audio_param/RecordUI_ParamUnitDesc.xml	29375049bfee4eb09442d89bb97264bd9fefd3c0381fac2bcb2f6ed85a983ce8	Init, configuration, certificates, or tuning data; retain board/carrier values unless paired with a source migration	retained_unchanged	vendor/etc/audio_param/RecordUI_ParamUnitDesc.xml	retained vendor payload
RETAIN-DATA	configuration_or_resource	audio	data	vendor/etc/audio_param/RecordVolUI_AudioParam.xml	vendor/etc/audio_param/RecordVolUI_AudioParam.xml	10ce7e91d382fb10a12322c1b23a36720c4a09fa92b933003efbcbace23e2c79	Init, configuration, certificates, or tuning data; retain board/carrier values unless paired with a source migration	retained_unchanged	vendor/etc/audio_param/RecordVolUI_AudioParam.xml	retained vendor payload
RETAIN-DATA	configuration_or_resource	audio	data	vendor/etc/audio_param/RecordVolUI_ParamUnitDesc.xml	vendor/etc/audio_param/RecordVolUI_ParamUnitDesc.xml	fdce220b4c21635d1691281eca706146fbc60ee9cef680007cf80034414f40bf	Init, configuration, certificates, or tuning data; retain board/carrier values unless paired with a source migration	retained_unchanged	vendor/etc/audio_param/RecordVolUI_ParamUnitDesc.xml	retained vendor payload
RETAIN-DATA	configuration_or_resource	audio	data	vendor/etc/audio_param/RecordVol_AudioParam.xml	vendor/etc/audio_param/RecordVol_AudioParam.xml	653fff031314e427d4efd96126f402f06a12ddf42050e2a51864406c5c7d416b	Init, configuration, certificates, or tuning data; retain board/carrier values unless paired with a source migration	retained_unchanged	vendor/etc/audio_param/RecordVol_AudioParam.xml	retained vendor payload
RETAIN-DATA	configuration_or_resource	audio	data	vendor/etc/audio_param/RecordVol_ParamUnitDesc.xml	vendor/etc/audio_param/RecordVol_ParamUnitDesc.xml	1d08068aa07c41296c21d3b30de5f5f287f0033e54c81bc62dd3a575c6d53c73	Init, configuration, certificates, or tuning data; retain board/carrier values unless paired with a source migration	retained_unchanged	vendor/etc/audio_param/RecordVol_ParamUnitDesc.xml	retained vendor payload
RETAIN-DATA	configuration_or_resource	audio	data	vendor/etc/audio_param/Record_AudioParam.xml	vendor/etc/audio_param/Record_AudioParam.xml	e6cfb821f91fc8f3c7b79a72751058f08d54da95baafc958a30bbf7f2dbebb90	Init, configuration, certificates, or tuning data; retain board/carrier values unless paired with a source migration	retained_unchanged	vendor/etc/audio_param/Record_AudioParam.xml	retained vendor payload
RETAIN-DATA	configuration_or_resource	audio	data	vendor/etc/audio_param/Record_ParamTreeView.xml	vendor/etc/audio_param/Record_ParamTreeView.xml	b13ccf5e4399a8368da33c8927ba98acac26681bb0b32d673137107709665e46	Init, configuration, certificates, or tuning data; retain board/carrier values unless paired with a source migration	retained_unchanged	vendor/etc/audio_param/Record_ParamTreeView.xml	retained vendor payload
RETAIN-DATA	configuration_or_resource	audio	data	vendor/etc/audio_param/Record_ParamUnitDesc.xml	vendor/etc/audio_param/Record_ParamUnitDesc.xml	7512c25cc77ec6c3fb310c9acfa4a0155e9f42d03cf825f32782b87dd90cf6f5	Init, configuration, certificates, or tuning data; retain board/carrier values unless paired with a source migration	retained_unchanged	vendor/etc/audio_param/Record_ParamUnitDesc.xml	retained vendor payload
RETAIN-DATA	configuration_or_resource	audio	data	vendor/etc/audio_param/RingbackVolUI_AudioParam.xml	vendor/etc/audio_param/RingbackVolUI_AudioParam.xml	fef0cc1a87a5c79b1cadc83ad854169a554cef46f7e26885d6520f343a3fb7e2	Init, configuration, certificates, or tuning data; retain board/carrier values unless paired with a source migration	retained_unchanged	vendor/etc/audio_param/RingbackVolUI_AudioParam.xml	retained vendor payload
RETAIN-DATA	configuration_or_resource	audio	data	vendor/etc/audio_param/RingbackVolUI_ParamUnitDesc.xml	vendor/etc/audio_param/RingbackVolUI_ParamUnitDesc.xml	c147af5105ec65f5e6b560bb5a2b4851d16b7c8edc8b27281eccf88b9acdbc0e	Init, configuration, certificates, or tuning data; retain board/carrier values unless paired with a source migration	retained_unchanged	vendor/etc/audio_param/RingbackVolUI_ParamUnitDesc.xml	retained vendor payload
RETAIN-DATA	configuration_or_resource	audio	data	vendor/etc/audio_param/RingbackVol_AudioParam.xml	vendor/etc/audio_param/RingbackVol_AudioParam.xml	60ad0dac138d13a453f8c3f6e1416d042132042ff45e535a760bd914e3857ab4	Init, configuration, certificates, or tuning data; retain board/carrier values unless paired with a source migration	retained_unchanged	vendor/etc/audio_param/RingbackVol_AudioParam.xml	retained vendor payload
RETAIN-DATA	configuration_or_resource	audio	data	vendor/etc/audio_param/RingbackVol_ParamUnitDesc.xml	vendor/etc/audio_param/RingbackVol_ParamUnitDesc.xml	0f51d41cd44c211504be0234afe03ebe2b13f08aee74653b6f9d139c27ae9bd1	Init, configuration, certificates, or tuning data; retain board/carrier values unless paired with a source migration	retained_unchanged	vendor/etc/audio_param/RingbackVol_ParamUnitDesc.xml	retained vendor payload
RETAIN-DATA	configuration_or_resource	audio	data	vendor/etc/audio_param/SoundEnhancement_AudioParam.xml	vendor/etc/audio_param/SoundEnhancement_AudioParam.xml	0097393627098c96193a30f7aca5c710408ecbe3e91f2259311953f672e16434	Init, configuration, certificates, or tuning data; retain board/carrier values unless paired with a source migration	retained_unchanged	vendor/etc/audio_param/SoundEnhancement_AudioParam.xml	retained vendor payload
RETAIN-DATA	configuration_or_resource	audio	data	vendor/etc/audio_param/SoundEnhancement_ParamUnitDesc.xml	vendor/etc/audio_param/SoundEnhancement_ParamUnitDesc.xml	6088903ccd210de810d85bbc17e5549553f90f1342bca6707cf8ca06e7f2cd02	Init, configuration, certificates, or tuning data; retain board/carrier values unless paired with a source migration	retained_unchanged	vendor/etc/audio_param/SoundEnhancement_ParamUnitDesc.xml	retained vendor payload
RETAIN-DATA	configuration_or_resource	audio	data	vendor/etc/audio_param/SpeechDMNR_AudioParam.xml	vendor/etc/audio_param/SpeechDMNR_AudioParam.xml	56fe27b61f49aa54b4154fbf5f73fcc9466307d5f36c72787d5ec35bb3927748	Init, configuration, certificates, or tuning data; retain board/carrier values unless paired with a source migration	retained_unchanged	vendor/etc/audio_param/SpeechDMNR_AudioParam.xml	retained vendor payload
RETAIN-DATA	configuration_or_resource	audio	data	vendor/etc/audio_param/SpeechDMNR_ParamUnitDesc.xml	vendor/etc/audio_param/SpeechDMNR_ParamUnitDesc.xml	7498466cd87d09bb207cbb55ea310feb949a5a2b43786bf2c469db1df3a97e9a	Init, configuration, certificates, or tuning data; retain board/carrier values unless paired with a source migration	retained_unchanged	vendor/etc/audio_param/SpeechDMNR_ParamUnitDesc.xml	retained vendor payload
RETAIN-DATA	configuration_or_resource	audio	data	vendor/etc/audio_param/SpeechEchoRef_AudioParam.xml	vendor/etc/audio_param/SpeechEchoRef_AudioParam.xml	efa96b5df4605f3a67e2abcbdf335cbeb708e576fc510c5616b254db0d60b25b	Init, configuration, certificates, or tuning data; retain board/carrier values unless paired with a source migration	retained_unchanged	vendor/etc/audio_param/SpeechEchoRef_AudioParam.xml	retained vendor payload
RETAIN-DATA	configuration_or_resource	audio	data	vendor/etc/audio_param/SpeechEchoRef_ParamUnitDesc.xml	vendor/etc/audio_param/SpeechEchoRef_ParamUnitDesc.xml	e2a6728b912354e51d0abcefd7ee064f79046fbfb79a01d4be5eacc2bfb911bd	Init, configuration, certificates, or tuning data; retain board/carrier values unless paired with a source migration	retained_unchanged	vendor/etc/audio_param/SpeechEchoRef_ParamUnitDesc.xml	retained vendor payload
RETAIN-DATA	configuration_or_resource	audio	data	vendor/etc/audio_param/SpeechGeneral_AudioParam.xml	vendor/etc/audio_param/SpeechGeneral_AudioParam.xml	c1eea3c92f2757503504a41ff8d784c0b24a456f647df4898a2536e44f1fe595	Init, configuration, certificates, or tuning data; retain board/carrier values unless paired with a source migration	retained_unchanged	vendor/etc/audio_param/SpeechGeneral_AudioParam.xml	retained vendor payload
RETAIN-DATA	configuration_or_resource	audio	data	vendor/etc/audio_param/SpeechGeneral_ParamUnitDesc.xml	vendor/etc/audio_param/SpeechGeneral_ParamUnitDesc.xml	e9665367602eb3ef84e483bb4c0c03cc930d27f4c9ee5f89cdb1870a2c94b068	Init, configuration, certificates, or tuning data; retain board/carrier values unless paired with a source migration	retained_unchanged	vendor/etc/audio_param/SpeechGeneral_ParamUnitDesc.xml	retained vendor payload
RETAIN-DATA	configuration_or_resource	audio	data	vendor/etc/audio_param/SpeechMagiClarity_AudioParam.xml	vendor/etc/audio_param/SpeechMagiClarity_AudioParam.xml	03c99cc749ee6d978c912729751d8d5186a150babb2b1363fa90d4d0b4d1a1bc	Init, configuration, certificates, or tuning data; retain board/carrier values unless paired with a source migration	retained_unchanged	vendor/etc/audio_param/SpeechMagiClarity_AudioParam.xml	retained vendor payload
RETAIN-DATA	configuration_or_resource	audio	data	vendor/etc/audio_param/SpeechMagiClarity_ParamUnitDesc.xml	vendor/etc/audio_param/SpeechMagiClarity_ParamUnitDesc.xml	d44ff70f4501913a7c85c01371c79867f61f6a330386f5539992230fd24be333	Init, configuration, certificates, or tuning data; retain board/carrier values unless paired with a source migration	retained_unchanged	vendor/etc/audio_param/SpeechMagiClarity_ParamUnitDesc.xml	retained vendor payload
RETAIN-DATA	configuration_or_resource	audio	data	vendor/etc/audio_param/SpeechNetwork_AudioParam.xml	vendor/etc/audio_param/SpeechNetwork_AudioParam.xml	bb1f9048cc5a0562c76a24f4387191adc782e2443104102ef154d5970c7fe6a3	Init, configuration, certificates, or tuning data; retain board/carrier values unless paired with a source migration	retained_unchanged	vendor/etc/audio_param/SpeechNetwork_AudioParam.xml	retained vendor payload
RETAIN-DATA	configuration_or_resource	audio	data	vendor/etc/audio_param/SpeechNetwork_ParamUnitDesc.xml	vendor/etc/audio_param/SpeechNetwork_ParamUnitDesc.xml	0012faa6897b876cef35d6c2f92cf104323d79cea1da880b5ea5be28e9edc306	Init, configuration, certificates, or tuning data; retain board/carrier values unless paired with a source migration	retained_unchanged	vendor/etc/audio_param/SpeechNetwork_ParamUnitDesc.xml	retained vendor payload
RETAIN-DATA	configuration_or_resource	audio	data	vendor/etc/audio_param/SpeechUI_AudioParam.xml	vendor/etc/audio_param/SpeechUI_AudioParam.xml	cf47d9aa86623c655dd86f07acc21964547ea54cd1bd47c18f3871d27374a93b	Init, configuration, certificates, or tuning data; retain board/carrier values unless paired with a source migration	retained_unchanged	vendor/etc/audio_param/SpeechUI_AudioParam.xml	retained vendor payload
RETAIN-DATA	configuration_or_resource	audio	data	vendor/etc/audio_param/SpeechUI_ParamUnitDesc.xml	vendor/etc/audio_param/SpeechUI_ParamUnitDesc.xml	ede44cfca51df72cae7368a8c5f84c56752e66d3547ac4dc05ec2fc4f01f3aa1	Init, configuration, certificates, or tuning data; retain board/carrier values unless paired with a source migration	retained_unchanged	vendor/etc/audio_param/SpeechUI_ParamUnitDesc.xml	retained vendor payload
RETAIN-DATA	configuration_or_resource	audio	data	vendor/etc/audio_param/SpeechVolUI_AudioParam.xml	vendor/etc/audio_param/SpeechVolUI_AudioParam.xml	a93f04c85ea844e73c97ccce8ca17b919877496491f40934989c74d7cfe8a779	Init, configuration, certificates, or tuning data; retain board/carrier values unless paired with a source migration	retained_unchanged	vendor/etc/audio_param/SpeechVolUI_AudioParam.xml	retained vendor payload
RETAIN-DATA	configuration_or_resource	audio	data	vendor/etc/audio_param/SpeechVolUI_ParamUnitDesc.xml	vendor/etc/audio_param/SpeechVolUI_ParamUnitDesc.xml	b9d96642f571805953cab4fd7d98f9a2eb4bdfb12dd54da9fba44f2c4b39f62b	Init, configuration, certificates, or tuning data; retain board/carrier values unless paired with a source migration	retained_unchanged	vendor/etc/audio_param/SpeechVolUI_ParamUnitDesc.xml	retained vendor payload
RETAIN-DATA	configuration_or_resource	audio	data	vendor/etc/audio_param/SpeechVol_AudioParam.xml	vendor/etc/audio_param/SpeechVol_AudioParam.xml	35da21cb6464292f6c8b586550ddadaeab7115fa863ef2d89490ae9262a30412	Init, configuration, certificates, or tuning data; retain board/carrier values unless paired with a source migration	retained_unchanged	vendor/etc/audio_param/SpeechVol_AudioParam.xml	retained vendor payload
RETAIN-DATA	configuration_or_resource	audio	data	vendor/etc/audio_param/SpeechVol_ParamUnitDesc.xml	vendor/etc/audio_param/SpeechVol_ParamUnitDesc.xml	f6c0ad46cd0348ca9c09d50d367a7c3b9d573f071b005b4e67b74cba8ccbcea4	Init, configuration, certificates, or tuning data; retain board/carrier values unless paired with a source migration	retained_unchanged	vendor/etc/audio_param/SpeechVol_ParamUnitDesc.xml	retained vendor payload
RETAIN-DATA	configuration_or_resource	audio	data	vendor/etc/audio_param/Speech_AudioParam.xml	vendor/etc/audio_param/Speech_AudioParam.xml	b8c34fee5a9448cff342fcc8fdcf98d153349a0b5eb0d47132a8f9cf591710fc	Init, configuration, certificates, or tuning data; retain board/carrier values unless paired with a source migration	retained_unchanged	vendor/etc/audio_param/Speech_AudioParam.xml	retained vendor payload
RETAIN-DATA	configuration_or_resource	audio	data	vendor/etc/audio_param/Speech_ParamTreeView.xml	vendor/etc/audio_param/Speech_ParamTreeView.xml	d974a1cd84d4783da7e5a3c7c6098f78f79faf32b0ebbd8b3bd17f6ab4a6c784	Init, configuration, certificates, or tuning data; retain board/carrier values unless paired with a source migration	retained_unchanged	vendor/etc/audio_param/Speech_ParamTreeView.xml	retained vendor payload
RETAIN-DATA	configuration_or_resource	audio	data	vendor/etc/audio_param/Speech_ParamUnitDesc.xml	vendor/etc/audio_param/Speech_ParamUnitDesc.xml	450c20786304a21c3956be72993c56cf1b90bd05d69a41273330c8f9fff1df44	Init, configuration, certificates, or tuning data; retain board/carrier values unless paired with a source migration	retained_unchanged	vendor/etc/audio_param/Speech_ParamUnitDesc.xml	retained vendor payload
RETAIN-DATA	configuration_or_resource	audio	data	vendor/etc/audio_param/USBCall_AudioParam.xml	vendor/etc/audio_param/USBCall_AudioParam.xml	f5386b8d9e8d07e080e8738e5cd3142dbc5c070975af043cfa093f7bde6ca061	Init, configuration, certificates, or tuning data; retain board/carrier values unless paired with a source migration	retained_unchanged	vendor/etc/audio_param/USBCall_AudioParam.xml	retained vendor payload
RETAIN-DATA	configuration_or_resource	audio	data	vendor/etc/audio_param/USBCall_ParamUnitDesc.xml	vendor/etc/audio_param/USBCall_ParamUnitDesc.xml	2d0ee5862b501e9847987dcf9149b3b5875243686a340a68518f4cf22c1b15d5	Init, configuration, certificates, or tuning data; retain board/carrier values unless paired with a source migration	retained_unchanged	vendor/etc/audio_param/USBCall_ParamUnitDesc.xml	retained vendor payload
RETAIN-DATA	configuration_or_resource	audio	data	vendor/etc/audio_param/USBDevice_AudioParam.xml	vendor/etc/audio_param/USBDevice_AudioParam.xml	c721cb1d104b2fb621434476eae44d97ae120e602f2f09c410270c478a4d7d64	Init, configuration, certificates, or tuning data; retain board/carrier values unless paired with a source migration	retained_unchanged	vendor/etc/audio_param/USBDevice_AudioParam.xml	retained vendor payload
RETAIN-DATA	configuration_or_resource	audio	data	vendor/etc/audio_param/USBDevice_ParamUnitDesc.xml	vendor/etc/audio_param/USBDevice_ParamUnitDesc.xml	9f69f484dc4e987b93ab6bf1d3dcb0b46d0f8d056ed5d2d2ef83f3ac8d07cfa8	Init, configuration, certificates, or tuning data; retain board/carrier values unless paired with a source migration	retained_unchanged	vendor/etc/audio_param/USBDevice_ParamUnitDesc.xml	retained vendor payload
RETAIN-DATA	configuration_or_resource	audio	data	vendor/etc/audio_param/UplinkConfiguration_AudioParam.xml	vendor/etc/audio_param/UplinkConfiguration_AudioParam.xml	964f0493a3e3277feb868e2a6be706a52206b23e9f7eb70a94e87b2d50f54a9a	Init, configuration, certificates, or tuning data; retain board/carrier values unless paired with a source migration	retained_unchanged	vendor/etc/audio_param/UplinkConfiguration_AudioParam.xml	retained vendor payload
RETAIN-DATA	configuration_or_resource	audio	data	vendor/etc/audio_param/UplinkConfiguration_ParamUnitDesc.xml	vendor/etc/audio_param/UplinkConfiguration_ParamUnitDesc.xml	ce345f7a23ce7ac7e1b8b766a9296024e54bc704d3b7da0f5fbc49c3f335d4ca	Init, configuration, certificates, or tuning data; retain board/carrier values unless paired with a source migration	retained_unchanged	vendor/etc/audio_param/UplinkConfiguration_ParamUnitDesc.xml	retained vendor payload
RETAIN-DATA	configuration_or_resource	audio	data	vendor/etc/audio_param/VOW_AudioParam.xml	vendor/etc/audio_param/VOW_AudioParam.xml	182b9067e640cb074f72e623038c3c2b90a08e3d9acfdd3414a5c00169866d81	Init, configuration, certificates, or tuning data; retain board/carrier values unless paired with a source migration	retained_unchanged	vendor/etc/audio_param/VOW_AudioParam.xml	retained vendor payload
RETAIN-DATA	configuration_or_resource	audio	data	vendor/etc/audio_param/VOW_ParamUnitDesc.xml	vendor/etc/audio_param/VOW_ParamUnitDesc.xml	c8322b2de1d407added30dd5e6c3717ce08590ce73f97a6fe9acfd3e6d874073	Init, configuration, certificates, or tuning data; retain board/carrier values unless paired with a source migration	retained_unchanged	vendor/etc/audio_param/VOW_ParamUnitDesc.xml	retained vendor payload
RETAIN-DATA	configuration_or_resource	audio	data	vendor/etc/audio_param/VoIPDMNR_AudioParam.xml	vendor/etc/audio_param/VoIPDMNR_AudioParam.xml	51ff8b5da5714891bd44a90f1ff0d13d86983538d458d392b31157c237e771ba	Init, configuration, certificates, or tuning data; retain board/carrier values unless paired with a source migration	retained_unchanged	vendor/etc/audio_param/VoIPDMNR_AudioParam.xml	retained vendor payload
RETAIN-DATA	configuration_or_resource	audio	data	vendor/etc/audio_param/VoIPDMNR_ParamUnitDesc.xml	vendor/etc/audio_param/VoIPDMNR_ParamUnitDesc.xml	606b6c9305528b5aa54d0c87296e5856521f318d78b2911c72bb16e0081bff83	Init, configuration, certificates, or tuning data; retain board/carrier values unless paired with a source migration	retained_unchanged	vendor/etc/audio_param/VoIPDMNR_ParamUnitDesc.xml	retained vendor payload
RETAIN-DATA	configuration_or_resource	audio	data	vendor/etc/audio_param/VoIPGeneral_AudioParam.xml	vendor/etc/audio_param/VoIPGeneral_AudioParam.xml	033e0aaddc4bb39e45d9d23c157150294e2e483d0f04f6346f14caa4a94fb4fb	Init, configuration, certificates, or tuning data; retain board/carrier values unless paired with a source migration	retained_unchanged	vendor/etc/audio_param/VoIPGeneral_AudioParam.xml	retained vendor payload
RETAIN-DATA	configuration_or_resource	audio	data	vendor/etc/audio_param/VoIPGeneral_ParamUnitDesc.xml	vendor/etc/audio_param/VoIPGeneral_ParamUnitDesc.xml	a75b98986dc5b6b95c74428960284a3747f4ae1206c4c6bf3a0ced9752041fdd	Init, configuration, certificates, or tuning data; retain board/carrier values unless paired with a source migration	retained_unchanged	vendor/etc/audio_param/VoIPGeneral_ParamUnitDesc.xml	retained vendor payload
RETAIN-DATA	configuration_or_resource	audio	data	vendor/etc/audio_param/VoIPUI_AudioParam.xml	vendor/etc/audio_param/VoIPUI_AudioParam.xml	d2f8d0f9418e34b146c9ea8d5d8143861cb0305bcd704f67c9193e153c22dce9	Init, configuration, certificates, or tuning data; retain board/carrier values unless paired with a source migration	retained_unchanged	vendor/etc/audio_param/VoIPUI_AudioParam.xml	retained vendor payload
RETAIN-DATA	configuration_or_resource	audio	data	vendor/etc/audio_param/VoIPUI_ParamUnitDesc.xml	vendor/etc/audio_param/VoIPUI_ParamUnitDesc.xml	2f02b42d8692e0c646360caa79834a5ec2758a1aa4eecf2d342ea5d074677e6c	Init, configuration, certificates, or tuning data; retain board/carrier values unless paired with a source migration	retained_unchanged	vendor/etc/audio_param/VoIPUI_ParamUnitDesc.xml	retained vendor payload
RETAIN-DATA	configuration_or_resource	audio	data	vendor/etc/audio_param/VoIPVolUI_AudioParam.xml	vendor/etc/audio_param/VoIPVolUI_AudioParam.xml	443c2817eaa62acd4134289c8fb1a7120dc410cf8610e28ab59620d78ffa84e2	Init, configuration, certificates, or tuning data; retain board/carrier values unless paired with a source migration	retained_unchanged	vendor/etc/audio_param/VoIPVolUI_AudioParam.xml	retained vendor payload
RETAIN-DATA	configuration_or_resource	audio	data	vendor/etc/audio_param/VoIPVolUI_ParamUnitDesc.xml	vendor/etc/audio_param/VoIPVolUI_ParamUnitDesc.xml	19f23235208f02e4e58f0b99d6e3db4388814aaba359f8d848cd336a95db4a4f	Init, configuration, certificates, or tuning data; retain board/carrier values unless paired with a source migration	retained_unchanged	vendor/etc/audio_param/VoIPVolUI_ParamUnitDesc.xml	retained vendor payload
RETAIN-DATA	configuration_or_resource	audio	data	vendor/etc/audio_param/VoIPVol_AudioParam.xml	vendor/etc/audio_param/VoIPVol_AudioParam.xml	9e452fa2e2a1fea568a89e87d196ad875467c19a7597b129ac921ae02300d09f	Init, configuration, certificates, or tuning data; retain board/carrier values unless paired with a source migration	retained_unchanged	vendor/etc/audio_param/VoIPVol_AudioParam.xml	retained vendor payload
RETAIN-DATA	configuration_or_resource	audio	data	vendor/etc/audio_param/VoIPVol_ParamUnitDesc.xml	vendor/etc/audio_param/VoIPVol_ParamUnitDesc.xml	cb507485fd0c67032bd9913756f01b73a300f7f672c10c3670ca63cddf88cbdb	Init, configuration, certificates, or tuning data; retain board/carrier values unless paired with a source migration	retained_unchanged	vendor/etc/audio_param/VoIPVol_ParamUnitDesc.xml	retained vendor payload
RETAIN-DATA	configuration_or_resource	audio	data	vendor/etc/audio_param/VoIP_AudioParam.xml	vendor/etc/audio_param/VoIP_AudioParam.xml	e4efadb24aacbc866121b5993ac26fc7e6e921fe48272f3d38e66131610b6b09	Init, configuration, certificates, or tuning data; retain board/carrier values unless paired with a source migration	retained_unchanged	vendor/etc/audio_param/VoIP_AudioParam.xml	retained vendor payload
RETAIN-DATA	configuration_or_resource	audio	data	vendor/etc/audio_param/VoIP_ParamTreeView.xml	vendor/etc/audio_param/VoIP_ParamTreeView.xml	b1da304dfb3b32ef11487f475597dd2e877e721d6c6a4ed4fc2de66a104b2855	Init, configuration, certificates, or tuning data; retain board/carrier values unless paired with a source migration	retained_unchanged	vendor/etc/audio_param/VoIP_ParamTreeView.xml	retained vendor payload
RETAIN-DATA	configuration_or_resource	audio	data	vendor/etc/audio_param/VoIP_ParamUnitDesc.xml	vendor/etc/audio_param/VoIP_ParamUnitDesc.xml	c676a744d5b77507db4e3ad7ba257de556cead477297be2886cd24d2659a9f1f	Init, configuration, certificates, or tuning data; retain board/carrier values unless paired with a source migration	retained_unchanged	vendor/etc/audio_param/VoIP_ParamUnitDesc.xml	retained vendor payload
RETAIN-DATA	configuration_or_resource	audio	data	vendor/etc/audio_param/VoIPv2DMNR_AudioParam.xml	vendor/etc/audio_param/VoIPv2DMNR_AudioParam.xml	f6ee7e9dd93ed859cb45d4ecbc2c5fd05588ade1e5d02736ec8a73ba9b09a1d8	Init, configuration, certificates, or tuning data; retain board/carrier values unless paired with a source migration	retained_unchanged	vendor/etc/audio_param/VoIPv2DMNR_AudioParam.xml	retained vendor payload
RETAIN-DATA	configuration_or_resource	audio	data	vendor/etc/audio_param/VoIPv2DMNR_ParamUnitDesc.xml	vendor/etc/audio_param/VoIPv2DMNR_ParamUnitDesc.xml	a37dfc5618b0566940b5fb8f2f750210dc72cd3a27b218e028f2b01cb58ae284	Init, configuration, certificates, or tuning data; retain board/carrier values unless paired with a source migration	retained_unchanged	vendor/etc/audio_param/VoIPv2DMNR_ParamUnitDesc.xml	retained vendor payload
RETAIN-DATA	configuration_or_resource	audio	data	vendor/etc/audio_param/VoIPv2General_AudioParam.xml	vendor/etc/audio_param/VoIPv2General_AudioParam.xml	3ef4f01696dc598525bac14c0c9efccc9da815d514909ff599da0acac1fc53f7	Init, configuration, certificates, or tuning data; retain board/carrier values unless paired with a source migration	retained_unchanged	vendor/etc/audio_param/VoIPv2General_AudioParam.xml	retained vendor payload
RETAIN-DATA	configuration_or_resource	audio	data	vendor/etc/audio_param/VoIPv2General_ParamUnitDesc.xml	vendor/etc/audio_param/VoIPv2General_ParamUnitDesc.xml	6b9e82420e94dccf036507781fe51984f71dbf5d270fa82f40d7d3d2cbe34e25	Init, configuration, certificates, or tuning data; retain board/carrier values unless paired with a source migration	retained_unchanged	vendor/etc/audio_param/VoIPv2General_ParamUnitDesc.xml	retained vendor payload
RETAIN-DATA	configuration_or_resource	audio	data	vendor/etc/audio_param/VoIPv2UI_AudioParam.xml	vendor/etc/audio_param/VoIPv2UI_AudioParam.xml	6aca954d4a9acb6dcf58aa6e8dccd1e89098164e14cb6e5de4c9dd6967f9017b	Init, configuration, certificates, or tuning data; retain board/carrier values unless paired with a source migration	retained_unchanged	vendor/etc/audio_param/VoIPv2UI_AudioParam.xml	retained vendor payload
RETAIN-DATA	configuration_or_resource	audio	data	vendor/etc/audio_param/VoIPv2UI_ParamUnitDesc.xml	vendor/etc/audio_param/VoIPv2UI_ParamUnitDesc.xml	5f6ff89b701d6cf9c7d2085a99e8ce06c8046eb763cf3d789f73a87da16ae056	Init, configuration, certificates, or tuning data; retain board/carrier values unless paired with a source migration	retained_unchanged	vendor/etc/audio_param/VoIPv2UI_ParamUnitDesc.xml	retained vendor payload
RETAIN-DATA	configuration_or_resource	audio	data	vendor/etc/audio_param/VoIPv2_AudioParam.xml	vendor/etc/audio_param/VoIPv2_AudioParam.xml	a0a87cf4913468ad0890dc0ea2990b83ef9d7cb955b50dc80567f34e2006895d	Init, configuration, certificates, or tuning data; retain board/carrier values unless paired with a source migration	retained_unchanged	vendor/etc/audio_param/VoIPv2_AudioParam.xml	retained vendor payload
RETAIN-DATA	configuration_or_resource	audio	data	vendor/etc/audio_param/VoIPv2_ParamTreeView.xml	vendor/etc/audio_param/VoIPv2_ParamTreeView.xml	e29c787e5522bc4443e4aba77456610f5b1be021065a064cc08ba59e622ad085	Init, configuration, certificates, or tuning data; retain board/carrier values unless paired with a source migration	retained_unchanged	vendor/etc/audio_param/VoIPv2_ParamTreeView.xml	retained vendor payload
RETAIN-DATA	configuration_or_resource	audio	data	vendor/etc/audio_param/VoIPv2_ParamUnitDesc.xml	vendor/etc/audio_param/VoIPv2_ParamUnitDesc.xml	995fb7cd933eb067cfa28c4fbbefed471e3c169a86bc5c15b132508b9ca4a675	Init, configuration, certificates, or tuning data; retain board/carrier values unless paired with a source migration	retained_unchanged	vendor/etc/audio_param/VoIPv2_ParamUnitDesc.xml	retained vendor payload
RETAIN-DATA	configuration_or_resource	audio	data	vendor/etc/audio_param/VolumeGainMapUL_AudioParam.xml	vendor/etc/audio_param/VolumeGainMapUL_AudioParam.xml	30adb544fc73390568a55ce6cc19d4f1ea65475524af52e71462d4f4f302b7cd	Init, configuration, certificates, or tuning data; retain board/carrier values unless paired with a source migration	retained_unchanged	vendor/etc/audio_param/VolumeGainMapUL_AudioParam.xml	retained vendor payload
RETAIN-DATA	configuration_or_resource	audio	data	vendor/etc/audio_param/VolumeGainMapUL_ParamUnitDesc.xml	vendor/etc/audio_param/VolumeGainMapUL_ParamUnitDesc.xml	3571e70bcffa64e0069034dfbebe6bc1dec575fa98fb5a0dde98e0b74a363846	Init, configuration, certificates, or tuning data; retain board/carrier values unless paired with a source migration	retained_unchanged	vendor/etc/audio_param/VolumeGainMapUL_ParamUnitDesc.xml	retained vendor payload
RETAIN-DATA	configuration_or_resource	audio	data	vendor/etc/audio_param/VolumeGainMap_AudioParam.xml	vendor/etc/audio_param/VolumeGainMap_AudioParam.xml	db4bc7dd69052b9170f7715206f234bc1caf39bfd17b92353d4eddccf0bf77ad	Init, configuration, certificates, or tuning data; retain board/carrier values unless paired with a source migration	retained_unchanged	vendor/etc/audio_param/VolumeGainMap_AudioParam.xml	retained vendor payload
RETAIN-DATA	configuration_or_resource	audio	data	vendor/etc/audio_param/VolumeGainMap_ParamUnitDesc.xml	vendor/etc/audio_param/VolumeGainMap_ParamUnitDesc.xml	71ed9555f51fc0d0d7b29e72eb34827cc1f142b477dfacf6763f9d2354590fae	Init, configuration, certificates, or tuning data; retain board/carrier values unless paired with a source migration	retained_unchanged	vendor/etc/audio_param/VolumeGainMap_ParamUnitDesc.xml	retained vendor payload
RETAIN-DATA	configuration_or_resource	audio	data	vendor/etc/audio_param/Volume_AudioParam.xml	vendor/etc/audio_param/Volume_AudioParam.xml	aebee02644b450cd8562137c811f2da4d2035152c667bc9c414c587c75c81133	Init, configuration, certificates, or tuning data; retain board/carrier values unless paired with a source migration	retained_unchanged	vendor/etc/audio_param/Volume_AudioParam.xml	retained vendor payload
RETAIN-DATA	configuration_or_resource	audio	data	vendor/etc/audio_param/Volume_ParamUnitDesc.xml	vendor/etc/audio_param/Volume_ParamUnitDesc.xml	5ad71f9fcee7adfd452f905a537861837b64176e7b461d2d763ee354daf921d2	Init, configuration, certificates, or tuning data; retain board/carrier values unless paired with a source migration	retained_unchanged	vendor/etc/audio_param/Volume_ParamUnitDesc.xml	retained vendor payload
RETAIN-ELF	matching_source_unknown	camera	32	vendor/bin/hw/camerahalserver	vendor/bin/hw/camerahalserver	a2e6a6e874fbac1d4b10434df8df94db02eb2c1acfb5793ee0d2ab09c116c5c8	No matching source implementation established in this bounded inventory; see family discussion	retained_unchanged	vendor/bin/hw/camerahalserver	retained vendor payload
RETAIN-DATA	configuration_or_resource	camera	data	vendor/etc/init/camerahalserver.rc	vendor/etc/init/camerahalserver.rc	2f616b01dc163b4b8c72819d0e4d7fa7649fa47b9ef91f7165ced33659464c77	Init, configuration, certificates, or tuning data; retain board/carrier values unless paired with a source migration	retained_unchanged	vendor/etc/init/camerahalserver.rc	retained vendor payload
RETAIN-ELF	matching_source_unknown	camera	32	vendor/lib/hw/android.hardware.camera.provider@2.4-impl-mediatek.so	vendor/lib/hw/android.hardware.camera.provider@2.4-impl-mediatek.so	216ca7f6ba2f50e8f2bb708c6dfb45ce9e33d81a76739964bddd365ca270c57e	No matching source implementation established in this bounded inventory; see family discussion	retained_unchanged	vendor/lib/hw/android.hardware.camera.provider@2.4-impl-mediatek.so	retained vendor payload
RETAIN-ELF	matching_source_unknown	camera	32	vendor/lib/hw/vendor.mediatek.hardware.camera.ccap@1.0-impl.so	vendor/lib/hw/vendor.mediatek.hardware.camera.ccap@1.0-impl.so	774301db3e9ebc826ddd5b741b209df99757efa23820051269a4b13e765c597f	No matching source implementation established in this bounded inventory; see family discussion	retained_unchanged	vendor/lib/hw/vendor.mediatek.hardware.camera.ccap@1.0-impl.so	retained vendor payload
RETAIN-ELF	matching_source_unknown	camera	32	vendor/lib/libmtkcam_device1.so	vendor/lib/libmtkcam_device1.so	0b51666b4a5171ad75d5f1523028cbdb685b04c6069348cf228faa7c46417277	No matching source implementation established in this bounded inventory; see family discussion	retained_unchanged	vendor/lib/libmtkcam_device1.so	retained vendor payload
RETAIN-ELF	matching_source_unknown	camera	32	vendor/lib/lib3a.so	vendor/lib/lib3a.so	0d1bcada009ca7815545406435e6a08792baf0a0adf2f3256f09e412f4a437da	No matching source implementation established in this bounded inventory; see family discussion	retained_unchanged	vendor/lib/lib3a.so	retained vendor payload
RETAIN-ELF	matching_source_unknown	camera	32	vendor/lib/lib3a_core1.so	vendor/lib/lib3a_core1.so	bd948601194868011a6d29f3b65149a1e69e973228202de9ec370582ef6529c2	No matching source implementation established in this bounded inventory; see family discussion	retained_unchanged	vendor/lib/lib3a_core1.so	retained vendor payload
RETAIN-ELF	matching_source_unknown	camera	32	vendor/lib/lib3a_core2.so	vendor/lib/lib3a_core2.so	80a1dd265daedc23b6333c2609c13bcfe0a2581ad41b62722d18c00a6de784c6	No matching source implementation established in this bounded inventory; see family discussion	retained_unchanged	vendor/lib/lib3a_core2.so	retained vendor payload
RETAIN-ELF	matching_source_unknown	camera	32	vendor/lib/lib3a_sample.so	vendor/lib/lib3a_sample.so	3ed92a757fb75518fb2c78462d4b924396e3887a927a862ae27a14e3c20fa45f	No matching source implementation established in this bounded inventory; see family discussion	retained_unchanged	vendor/lib/lib3a_sample.so	retained vendor payload
RETAIN-ELF	matching_source_unknown	camera	32	vendor/lib/libJpgDecPipe.so	vendor/lib/libJpgDecPipe.so	5db36d91571a0857a73468db63523ef1b78f7dcc1ff9c897434c7bbbb6457fcc	No matching source implementation established in this bounded inventory; see family discussion	retained_unchanged	vendor/lib/libJpgDecPipe.so	retained vendor payload
RETAIN-ELF	matching_source_unknown	camera	32	vendor/lib/libJpgEncPipe.so	vendor/lib/libJpgEncPipe.so	e54b0763d93788a683d41c370942697cd3098cdf6e1e1222c4556eb41b95528d	No matching source implementation established in this bounded inventory; see family discussion	retained_unchanged	vendor/lib/libJpgEncPipe.so	retained vendor payload
RETAIN-ELF	matching_source_unknown	camera	32	vendor/lib/libSonyIMX230PdafLibrary.so	vendor/lib/libSonyIMX230PdafLibrary.so	d28118f8000000f418d66247693570feabc714bef3239e053ca7df845c1aaeef	No matching source implementation established in this bounded inventory; see family discussion	retained_unchanged	vendor/lib/libSonyIMX230PdafLibrary.so	retained vendor payload
RETAIN-ELF	matching_source_unknown	camera	32	vendor/lib/libSwJpgCodec.so	vendor/lib/libSwJpgCodec.so	5ba052222bb3b62862eb326627fc16a5064334decc93b1c4f095c53563fe1a06	No matching source implementation established in this bounded inventory; see family discussion	retained_unchanged	vendor/lib/libSwJpgCodec.so	retained vendor payload
RETAIN-ELF	matching_source_unknown	camera	32	vendor/lib/libacdk.so	vendor/lib/libacdk.so	51801f7562d11dd4758581a8520cce917bc0d785bd8ab1b4a07068b11275d558	No matching source implementation established in this bounded inventory; see family discussion	retained_unchanged	vendor/lib/libacdk.so	retained vendor payload
RETAIN-ELF	matching_source_unknown	camera	32	vendor/lib/libbwc.so	vendor/lib/libbwc.so	1c48db4cb961c3028428bb0a6f538d8f229080c0c5c6086c3490155e2f3d98f8	No matching source implementation established in this bounded inventory; see family discussion	retained_unchanged	vendor/lib/libbwc.so	retained vendor payload
RETAIN-ELF	matching_source_unknown	camera	32	vendor/lib/libcam.device1.so	vendor/lib/libcam.device1.so	2bb4d14b6c5733b744a77dae4c601fdd1f22cacb0dc3610528ce1989d25975be	No matching source implementation established in this bounded inventory; see family discussion	retained_unchanged	vendor/lib/libcam.device1.so	retained vendor payload
RETAIN-ELF	matching_source_unknown	camera	32	vendor/lib/libcam.camadapter.so	vendor/lib/libcam.camadapter.so	4c4d2e7c8c73ffc9c2f499a340fc2b05129019b5a5652e4b14ad6a768e3ff39a	No matching source implementation established in this bounded inventory; see family discussion	retained_unchanged	vendor/lib/libcam.camadapter.so	retained vendor payload
RETAIN-ELF	matching_source_unknown	camera	32	vendor/lib/libcam.camnode.so	vendor/lib/libcam.camnode.so	1b88c3a76aef5b2fbb9177391af28e21bd120599a6d30f7776005f3e8880d303	No matching source implementation established in this bounded inventory; see family discussion	retained_unchanged	vendor/lib/libcam.camnode.so	retained vendor payload
RETAIN-ELF	matching_source_unknown	camera	32	vendor/lib/libcam.camshot.so	vendor/lib/libcam.camshot.so	f7cecd4041122209ccab56fd2d38caac159d45f83678a691b1b7b14a5a525ed6	No matching source implementation established in this bounded inventory; see family discussion	retained_unchanged	vendor/lib/libcam.camshot.so	retained vendor payload
RETAIN-ELF	matching_source_unknown	camera	32	vendor/lib/libcam.client.so	vendor/lib/libcam.client.so	7e00209741c2e1a30bc7f371b1ed20f25bf7e79ab7295366700e2ae6d3b1a8bc	No matching source implementation established in this bounded inventory; see family discussion	retained_unchanged	vendor/lib/libcam.client.so	retained vendor payload
RETAIN-ELF	matching_source_unknown	camera	32	vendor/lib/libcam.exif.so	vendor/lib/libcam.exif.so	0d5dba353c9780efdd3300c72734a9acfe0cf3394781b8bae98c28f5cb3ca12f	No matching source implementation established in this bounded inventory; see family discussion	retained_unchanged	vendor/lib/libcam.exif.so	retained vendor payload
RETAIN-ELF	matching_source_unknown	camera	32	vendor/lib/libcam.exif.v3.so	vendor/lib/libcam.exif.v3.so	d54a685a4021af82e60ea627734c4205bf4620e6fef91f5fb87984ab539d56d2	No matching source implementation established in this bounded inventory; see family discussion	retained_unchanged	vendor/lib/libcam.exif.v3.so	retained vendor payload
RETAIN-ELF	matching_source_unknown	camera	32	vendor/lib/libcam.hal3a.v3.dng.so	vendor/lib/libcam.hal3a.v3.dng.so	a650521038b1b8859e6267acede287056f7f2452257f132962352bade179dc04	No matching source implementation established in this bounded inventory; see family discussion	retained_unchanged	vendor/lib/libcam.hal3a.v3.dng.so	retained vendor payload
RETAIN-ELF	matching_source_unknown	camera	32	vendor/lib/libcam.hal3a.v3.so	vendor/lib/libcam.hal3a.v3.so	f76b5cf44339fbc02ce512b2d1e0d763b763892715b263a75d3a9b722f38bffa	No matching source implementation established in this bounded inventory; see family discussion	retained_unchanged	vendor/lib/libcam.hal3a.v3.so	retained vendor payload
RETAIN-ELF	matching_source_unknown	camera	32	vendor/lib/libcam.halsensor.so	vendor/lib/libcam.halsensor.so	e2d090b46c947521f12e32ba116e500f09aa8999d0d22b1ce8590051667b73d7	No matching source implementation established in this bounded inventory; see family discussion	retained_unchanged	vendor/lib/libcam.halsensor.so	retained vendor payload
RETAIN-ELF	matching_source_unknown	camera	32	vendor/lib/libcam.iopipe.so	vendor/lib/libcam.iopipe.so	0b324080504bc9050446b7535d2a4598c283366dc0347df2bbb320e387c80f77	No matching source implementation established in this bounded inventory; see family discussion	retained_unchanged	vendor/lib/libcam.iopipe.so	retained vendor payload
RETAIN-ELF	matching_source_unknown	camera	32	vendor/lib/libcam.metadataprovider.so	vendor/lib/libcam.metadataprovider.so	9d5f31be22674a04d406dae631b618cb9c105b5828e787af1f52bce45c3d2a49	No matching source implementation established in this bounded inventory; see family discussion	retained_unchanged	vendor/lib/libcam.metadataprovider.so	retained vendor payload
RETAIN-ELF	matching_source_unknown	camera	32	vendor/lib/libcam.paramsmgr.so	vendor/lib/libcam.paramsmgr.so	c718ded972a72928e293e40f0079dd50834955f9948d003a98033f331bb79f64	No matching source implementation established in this bounded inventory; see family discussion	retained_unchanged	vendor/lib/libcam.paramsmgr.so	retained vendor payload
RETAIN-ELF	matching_source_unknown	camera	32	vendor/lib/libcam.utils.sensorprovider.so	vendor/lib/libcam.utils.sensorprovider.so	e485178610a209ea0d76182d50b26b4b13b0d74e8c886b10b08c15995514d7cd	No matching source implementation established in this bounded inventory; see family discussion	retained_unchanged	vendor/lib/libcam.utils.sensorprovider.so	retained vendor payload
RETAIN-ELF	matching_source_unknown	camera	32	vendor/lib/libcam.utils.so	vendor/lib/libcam.utils.so	480fd44544d650746905dbc92186f8a701e83f21889f1f44348c16035a4d7396	No matching source implementation established in this bounded inventory; see family discussion	retained_unchanged	vendor/lib/libcam.utils.so	retained vendor payload
RETAIN-ELF	matching_source_unknown	camera	32	vendor/lib/libcam_platform.so	vendor/lib/libcam_platform.so	ffbc8037915aa72893ce89b023e0bd2037c08fc9b6a78e073c653387d84e9058	No matching source implementation established in this bounded inventory; see family discussion	retained_unchanged	vendor/lib/libcam_platform.so	retained vendor payload
RETAIN-ELF	matching_source_unknown	camera	32	vendor/lib/libcam1_utils.so	vendor/lib/libcam1_utils.so	780f66dc7544d8e0d438da1d17c729fdc5cbde575dab3cefe213ee27065af134	No matching source implementation established in this bounded inventory; see family discussion	retained_unchanged	vendor/lib/libcam1_utils.so	retained vendor payload
RETAIN-ELF	matching_source_unknown	camera	32	vendor/lib/libcam_hwutils.so	vendor/lib/libcam_hwutils.so	d1b723e20b4550285a1f422fde060742b15613c58e398d2d72d14ce026ba432e	No matching source implementation established in this bounded inventory; see family discussion	retained_unchanged	vendor/lib/libcam_hwutils.so	retained vendor payload
RETAIN-ELF	matching_source_unknown	camera	32	vendor/lib/libcam_mmp.so	vendor/lib/libcam_mmp.so	69384295101d5b50f58639cb61fb9573ea6f7d99d7c3bacde896355820f6c5bd	No matching source implementation established in this bounded inventory; see family discussion	retained_unchanged	vendor/lib/libcam_mmp.so	retained vendor payload
RETAIN-ELF	matching_source_unknown	camera	32	vendor/lib/libcam_utils.so	vendor/lib/libcam_utils.so	14175207990ff63cb4fabbb070244c01dba9dce23e1c85879ffb7bc7409f84a9	No matching source implementation established in this bounded inventory; see family discussion	retained_unchanged	vendor/lib/libcam_utils.so	retained vendor payload
RETAIN-ELF	matching_source_unknown	camera	32	vendor/lib/libcamalgo.so	vendor/lib/libcamalgo.so	a28b70b09778aa9ca6c8d12b8b96b0dd0f5bfc194b0e065a6d61e815c586990c	No matching source implementation established in this bounded inventory; see family discussion	retained_unchanged	vendor/lib/libcamalgo.so	retained vendor payload
RETAIN-ELF	matching_source_unknown	camera	32	vendor/lib/libcamdrv.so	vendor/lib/libcamdrv.so	6de4322b9626b7df9c8381ac8d6c2274ec5baeec09ced258204767b5fa84f66e	No matching source implementation established in this bounded inventory; see family discussion	retained_unchanged	vendor/lib/libcamdrv.so	retained vendor payload
RETAIN-ELF	matching_source_unknown	camera	32	vendor/lib/libcameracustom.so	vendor/lib/libcameracustom.so	17fadfa73d765c129ffdde78e30f9bc785e9547ce7159bb9242132d17d52a140	No matching source implementation established in this bounded inventory; see family discussion	retained_unchanged	vendor/lib/libcameracustom.so	retained vendor payload
RETAIN-ELF	matching_source_unknown	camera	32	vendor/lib/libccap.so	vendor/lib/libccap.so	76dac2a2b195f70160c7974e5e7b6c0074aacc0bd4215296661cb1c5ce407e40	No matching source implementation established in this bounded inventory; see family discussion	retained_unchanged	vendor/lib/libccap.so	retained vendor payload
RETAIN-ELF	matching_source_unknown	camera	32	vendor/lib/libcustom_nvram.so	vendor/lib/libcustom_nvram.so	2c2b106eab86c0a577c04ebe1145f93cab6f98c62f6ad6c213b0647d59dfe630	No matching source implementation established in this bounded inventory; see family discussion	retained_unchanged	vendor/lib/libcustom_nvram.so	retained vendor payload
RETAIN-ELF	matching_source_unknown	camera	32	vendor/lib/libdngop.so	vendor/lib/libdngop.so	c51a1bf96843f8d9354d95c0a85b716077694467d4a57bd23f2570454b83fbca	No matching source implementation established in this bounded inventory; see family discussion	retained_unchanged	vendor/lib/libdngop.so	retained vendor payload
RETAIN-ELF	matching_source_unknown	camera	32	vendor/lib/libfeatureio.so	vendor/lib/libfeatureio.so	e758b7c3147e3f779405d92d52a5bcf3343917d84e8dae603f194dbcf3a09240	No matching source implementation established in this bounded inventory; see family discussion	retained_unchanged	vendor/lib/libfeatureio.so	retained vendor payload
RETAIN-ELF	matching_source_unknown	camera	32	vendor/lib/libfeatureiodrv.so	vendor/lib/libfeatureiodrv.so	9cee280c77289e1b3e37521239f0b2bb575bcb8ed2b345538b7523df1d8e64c0	No matching source implementation established in this bounded inventory; see family discussion	retained_unchanged	vendor/lib/libfeatureiodrv.so	retained vendor payload
RETAIN-ELF	matching_source_unknown	camera	32	vendor/lib/libimageio.so	vendor/lib/libimageio.so	3c2ec8bc60656a358e8909cb72461d2f84c9d41227533f99bd99e2c352149b90	No matching source implementation established in this bounded inventory; see family discussion	retained_unchanged	vendor/lib/libimageio.so	retained vendor payload
RETAIN-ELF	matching_source_unknown	camera	32	vendor/lib/libimageio_plat_drv.so	vendor/lib/libimageio_plat_drv.so	64fcfefb2cd21b00c1d33e878c7584ec5599d563f36824c87363b46049376108	No matching source implementation established in this bounded inventory; see family discussion	retained_unchanged	vendor/lib/libimageio_plat_drv.so	retained vendor payload
RETAIN-ELF	matching_source_unknown	camera	32	vendor/lib/libjpeg-alpha-oal_vendor.so	vendor/lib/libjpeg-alpha-oal_vendor.so	782986b1c717090416db9fe1e936a3f867af7167578550d204ce644683e134d8	No matching source implementation established in this bounded inventory; see family discussion	retained_unchanged	vendor/lib/libjpeg-alpha-oal_vendor.so	retained vendor payload
RETAIN-ELF	matching_source_unknown	camera	32	vendor/lib/libjpeg-alpha_vendor.so	vendor/lib/libjpeg-alpha_vendor.so	6b424b25ec58d7967c5266bb1195f3b8dc4061e09147572fb44d293bd3681b80	No matching source implementation established in this bounded inventory; see family discussion	retained_unchanged	vendor/lib/libjpeg-alpha_vendor.so	retained vendor payload
RETAIN-ELF	matching_source_unknown	camera	32	vendor/lib/libm4u.so	vendor/lib/libm4u.so	6b9172b7d82e599175de2e64dd4a2c600bf2f22fa6b32e298c2658552033988b	No matching source implementation established in this bounded inventory; see family discussion	retained_unchanged	vendor/lib/libm4u.so	retained vendor payload
RETAIN-ELF	matching_source_unknown	camera	32	vendor/lib/libmhalImageCodec.so	vendor/lib/libmhalImageCodec.so	ec4ba7c2ed721d8fd8d6285f8151828aca7ab6c91b9469097f85ceff865c7613	No matching source implementation established in this bounded inventory; see family discussion	retained_unchanged	vendor/lib/libmhalImageCodec.so	retained vendor payload
RETAIN-ELF	matching_source_unknown	camera	32	vendor/lib/libmtk_drvb.so	vendor/lib/libmtk_drvb.so	1428a765585e900efa5010d7ecdcee6031784401be313351740dbaeab9b5392c	No matching source implementation established in this bounded inventory; see family discussion	retained_unchanged	vendor/lib/libmtk_drvb.so	retained vendor payload
RETAIN-ELF	matching_source_unknown	camera	32	vendor/lib/libmtkcam_debugutils.so	vendor/lib/libmtkcam_debugutils.so	9f71bc7a162d9e86a8e907c02e9d36c9379190f1f3adc5528585d0f6bc5852c4	No matching source implementation established in this bounded inventory; see family discussion	retained_unchanged	vendor/lib/libmtkcam_debugutils.so	retained vendor payload
RETAIN-ELF	matching_source_unknown	camera	32	vendor/lib/libmtkcam_fwkutils.so	vendor/lib/libmtkcam_fwkutils.so	6fe3d535ef92e0862147a1f3e4ee2e4482ff89fe70d43d315cdf615e56eb8103	No matching source implementation established in this bounded inventory; see family discussion	retained_unchanged	vendor/lib/libmtkcam_fwkutils.so	retained vendor payload
RETAIN-ELF	matching_source_unknown	camera	32	vendor/lib/libmtkcam_grallocutils.so	vendor/lib/libmtkcam_grallocutils.so	82c201989d4dbe0ee67e8c4e3b511dee23a3418c03a4911ba79aea9dced978c2	No matching source implementation established in this bounded inventory; see family discussion	retained_unchanged	vendor/lib/libmtkcam_grallocutils.so	retained vendor payload
RETAIN-ELF	matching_source_unknown	camera	32	vendor/lib/libmtkcam_imgbuf.so	vendor/lib/libmtkcam_imgbuf.so	c5ebec17dc0192f6436432656648c58ead3218da64e3da75695a055da4099da4	No matching source implementation established in this bounded inventory; see family discussion	retained_unchanged	vendor/lib/libmtkcam_imgbuf.so	retained vendor payload
RETAIN-ELF	matching_source_unknown	camera	32	vendor/lib/libmtkcam_metadata.so	vendor/lib/libmtkcam_metadata.so	0a6fcca2f7e0c1b6e07795a56563b0bb78cb6b404cb9ecbd614baca59e193d7f	No matching source implementation established in this bounded inventory; see family discussion	retained_unchanged	vendor/lib/libmtkcam_metadata.so	retained vendor payload
RETAIN-ELF	matching_source_unknown	camera	32	vendor/lib/libmtkcam_stdutils.so	vendor/lib/libmtkcam_stdutils.so	31de03746f008d46486641f2f9303e3242b83adc4335f44b6f83e2f20280c24c	No matching source implementation established in this bounded inventory; see family discussion	retained_unchanged	vendor/lib/libmtkcam_stdutils.so	retained vendor payload
RETAIN-ELF	matching_source_unknown	camera	32	vendor/lib/libmtkcam_sysutils.so	vendor/lib/libmtkcam_sysutils.so	bfa4ba002c42f7f48b14412edefbb671f9fa662f292fd9a2f4bb73136a1c2216	No matching source implementation established in this bounded inventory; see family discussion	retained_unchanged	vendor/lib/libmtkcam_sysutils.so	retained vendor payload
RETAIN-ELF	matching_source_unknown	camera	32	vendor/lib/libmtkcam_ulog.so	vendor/lib/libmtkcam_ulog.so	946a52246412f3e5e5d10aa66ae7f4ab9d1fafce34861eb7e8799810f6a4da5b	No matching source implementation established in this bounded inventory; see family discussion	retained_unchanged	vendor/lib/libmtkcam_ulog.so	retained vendor payload
RETAIN-ELF	matching_source_unknown	camera	32	vendor/lib/libn3d3a.so	vendor/lib/libn3d3a.so	694859616da79502355fd6b44629c583e9041685bdf86ecfaa567138a900d597	No matching source implementation established in this bounded inventory; see family discussion	retained_unchanged	vendor/lib/libn3d3a.so	retained vendor payload
RETAIN-ELF	matching_source_unknown	camera	32	vendor/lib/libnvram.so	vendor/lib/libnvram.so	3c023bd7a4ecc18007d499ef718ac9b54728d1975c32c6ff821bb8a9ed5b6163	No matching source implementation established in this bounded inventory; see family discussion	retained_unchanged	vendor/lib/libnvram.so	retained vendor payload
RETAIN-ELF	matching_source_unknown	camera	32	vendor/lib/libnvram_platform.so	vendor/lib/libnvram_platform.so	3bb9cd441eb784849d68c797aac51e01266674c49d5bd3e435433654bb059798	No matching source implementation established in this bounded inventory; see family discussion	retained_unchanged	vendor/lib/libnvram_platform.so	retained vendor payload
RETAIN-ELF	matching_source_unknown	camera	32	vendor/lib/libnvram_sec.so	vendor/lib/libnvram_sec.so	da9fab54bb6b7590e12095c84be8116d546e26514da88e5e5ef0e6b1ae84569d	No matching source implementation established in this bounded inventory; see family discussion	retained_unchanged	vendor/lib/libnvram_sec.so	retained vendor payload
RETAIN-ELF	matching_source_unknown	camera	32	vendor/lib/libnvramagentclient.so	vendor/lib/libnvramagentclient.so	98f24302a340817796a6069ff6766856bce828113d9b0fc4b6de5380e1e9f456	No matching source implementation established in this bounded inventory; see family discussion	retained_unchanged	vendor/lib/libnvramagentclient.so	retained vendor payload
RETAIN-ELF	matching_source_unknown	camera	32	vendor/lib/vendor.mediatek.hardware.camera.ccap@1.0.so	vendor/lib/vendor.mediatek.hardware.camera.ccap@1.0.so	8d0f7bbb5f1fa44283355bcfaad508679c4dffbab1c848f5c517fa28b7c1dab3	No matching source implementation established in this bounded inventory; see family discussion	retained_unchanged	vendor/lib/vendor.mediatek.hardware.camera.ccap@1.0.so	retained vendor payload
RETAIN-ELF	matching_source_unknown	camera	32	vendor/lib/vendor.mediatek.hardware.camera.device@1.1.so	vendor/lib/vendor.mediatek.hardware.camera.device@1.1.so	27ce32f05058909c0c08c6e234103c6ff679191d682a6058597f3bef91583b65	No matching source implementation established in this bounded inventory; see family discussion	retained_unchanged	vendor/lib/vendor.mediatek.hardware.camera.device@1.1.so	retained vendor payload
RETAIN-ELF	matching_source_unknown	camera	32	vendor/lib/vendor.mediatek.hardware.power@1.1.so	vendor/lib/vendor.mediatek.hardware.power@1.1.so	d18d543159fe20af07f298c25804901ba18d1d59463db784a198910780510f9d	No matching source implementation established in this bounded inventory; see family discussion	retained_unchanged	vendor/lib/vendor.mediatek.hardware.power@1.1.so	retained vendor payload
SR01	source_ready	connectivity	64	vendor/bin/hw/android.hardware.bluetooth@1.0-service-mediatek	vendor/bin/hw/android.hardware.bluetooth@1.0-service-mediatek	b2282f717a77a07ce772753a6e72e2dc0c7f04d557e721ed3f5589a7b9725de4	AOSP hardware/interfaces/bluetooth/1.0/default/service.cpp	removed_paired_source_provider	vendor/bin/hw/android.hardware.bluetooth@1.0-service	hardware/interfaces/bluetooth/1.0/default
SR10	source_abi_check	connectivity	64	vendor/bin/hw/android.hardware.wifi@1.0-service-lazy-mediatek	vendor/bin/hw/android.hardware.wifi@1.0-service-lazy-mediatek	07defdf638e5f5911954b01426c3c2b4ed824ddaa7dda3a6f639c43ba99c8ae3	AOSP hardware/interfaces/wifi/1.3/default with actual MTK wifi_hal_fn table adapter	retained_unchanged	vendor/bin/hw/android.hardware.wifi@1.0-service-lazy-mediatek	retained vendor payload
SR11	source_port	connectivity	64	vendor/bin/hw/hostapd	vendor/bin/hw/hostapd	9c1071b7bab791f23a6657599a7838b3279e51a5035df3570dac7237e3aeb2eb	AOSP external/wpa_supplicant_8; MTK driver commands/extension contract require closure	retained_unchanged	vendor/bin/hw/hostapd	retained vendor payload
SR11	source_port	connectivity	64	vendor/bin/hw/wpa_supplicant	vendor/bin/hw/wpa_supplicant	72305e511ccd675aba33dd0c2db2d17d020c9daf380574a24bf0e0d03a4b2592	AOSP external/wpa_supplicant_8; MTK driver commands/extension contract require closure	retained_unchanged	vendor/bin/hw/wpa_supplicant	retained vendor payload
SR04	source_port	connectivity	64	vendor/bin/wlan_assistant	vendor/bin/wlan_assistant	b3b314581389866b0074da653072191ad87798b936b6e7da2f207966d3a87c76	LineageOS android_hardware_mediatek 3c04cf3997a30621966da9cf40f8b98ab453ebe3 wlan/wlan_assistant	removed_paired_source_provider	vendor/bin/wlan_assistant	device/xsh/k50sv1_64_bsp/wlan-assistant
SR13	source_port	connectivity	64	vendor/bin/wmt_launcher	vendor/bin/wmt_launcher	70b5224af4276eef4a27a405919e5a147b24739569b3a24f5ee1cb8d3cd9a2a7	openmttools ef35f769d211a2942a6783410b58bd824dd363f9; MT6755/Q loader and patch ABI not yet matched	retained_unchanged	vendor/bin/wmt_launcher	retained vendor payload
SR13	source_port	connectivity	64	vendor/bin/wmt_loader	vendor/bin/wmt_loader	e44a0e1c5e4b8b1ad204318f2f19b92c9a1bf97704b12f04722c26eb1ef94a9f	openmttools ef35f769d211a2942a6783410b58bd824dd363f9; MT6755/Q loader and patch ABI not yet matched	removed_paired_source_provider	vendor/bin/wmt_loader	device/xsh/k50sv1_64_bsp/wmt-loader (E-192, build 11)
RETAIN-DATA	configuration_or_resource	connectivity	data	vendor/etc/init/android.hardware.bluetooth@1.0-service-mediatek.rc	vendor/etc/init/android.hardware.bluetooth@1.0-service-mediatek.rc	3a3e1e7e315f73a9c1f116a3cfac9351cfaaf7f5fa7ea59221df097a1622d0b9	Init, configuration, certificates, or tuning data; retain board/carrier values unless paired with a source migration	removed_paired_source_provider	vendor/etc/init/android.hardware.bluetooth@1.0-service.rc	source-owned init recipe paired with the replacement service
RETAIN-DATA	configuration_or_resource	connectivity	data	vendor/etc/init/hostapd.android.rc	vendor/etc/init/hostapd.android.rc	27dad27e4491bb32f4043e1fd914c98b6d74886be9057d5ab04e4d5ad2d73529	Init, configuration, certificates, or tuning data; retain board/carrier values unless paired with a source migration	retained_unchanged	vendor/etc/init/hostapd.android.rc	retained vendor payload
RETAIN-DATA	configuration_or_resource	connectivity	data	vendor/etc/wifi/p2p_supplicant_overlay.conf	vendor/etc/wifi/p2p_supplicant_overlay.conf	b053c6ad5f23feec0b657aab58712f5375b803b9a93f489feede5931007c161e	Init, configuration, certificates, or tuning data; retain board/carrier values unless paired with a source migration	retained_unchanged	vendor/etc/wifi/p2p_supplicant_overlay.conf	retained vendor payload
RETAIN-DATA	configuration_or_resource	connectivity	data	vendor/etc/wifi/wpa_supplicant.conf	vendor/etc/wifi/wpa_supplicant.conf	20795c73c5f4b0a6a1ed33ea7bcd39ed7df21c255d5d7cd145922de29914a7cc	Init, configuration, certificates, or tuning data; retain board/carrier values unless paired with a source migration	retained_unchanged	vendor/etc/wifi/wpa_supplicant.conf	retained vendor payload
RETAIN-DATA	configuration_or_resource	connectivity	data	vendor/etc/wifi/wpa_supplicant_overlay.conf	vendor/etc/wifi/wpa_supplicant_overlay.conf	d5cc6c93e3c268d4ea58dc2f841e2bb63b4cdf47786379fcc828b71811706b77	Init, configuration, certificates, or tuning data; retain board/carrier values unless paired with a source migration	retained_unchanged	vendor/etc/wifi/wpa_supplicant_overlay.conf	retained vendor payload
RETAIN-DATA	configuration_or_resource	connectivity	data	vendor/firmware/BT_FW.cfg	vendor/firmware/BT_FW.cfg	e018d7b8153af454d7e5c51626d584582904ffc5ba2bd8edb5d2a1ed27124b67	Init, configuration, certificates, or tuning data; retain board/carrier values unless paired with a source migration	retained_unchanged	vendor/firmware/BT_FW.cfg	retained vendor payload
RETAIN-FW	firmware_data	connectivity	data	vendor/firmware/ROMv2_lm_patch_1_0_hdr.bin	vendor/firmware/ROMv2_lm_patch_1_0_hdr.bin	7a58e99fdcab239f133be92da999f8733878617191bb1f5caa1096d91ad8e1a2	Firmware is still required by source drivers; no matching firmware algorithm source identified	retained_unchanged	vendor/firmware/ROMv2_lm_patch_1_0_hdr.bin	retained vendor payload
RETAIN-FW	firmware_data	connectivity	data	vendor/firmware/ROMv2_lm_patch_1_1_hdr.bin	vendor/firmware/ROMv2_lm_patch_1_1_hdr.bin	cb7ba98c5c73705eb03a6ec11b78a3b1cce6069132b1f267d50079f2b1b594fd	Firmware is still required by source drivers; no matching firmware algorithm source identified	retained_unchanged	vendor/firmware/ROMv2_lm_patch_1_1_hdr.bin	retained vendor payload
RETAIN-DATA	configuration_or_resource	connectivity	data	vendor/firmware/WIFI_RAM_CODE_6755	vendor/firmware/WIFI_RAM_CODE_6755	e41e76eb30a4779d4d3012d7c42a6f6831ec16345565eacd0c225ccbbc63d023	Init, configuration, certificates, or tuning data; retain board/carrier values unless paired with a source migration	retained_unchanged	vendor/firmware/WIFI_RAM_CODE_6755	retained vendor payload
RETAIN-DATA	configuration_or_resource	connectivity	data	vendor/firmware/WMT_SOC.cfg	vendor/firmware/WMT_SOC.cfg	3fe27909b3983bb30b596c6624a9909ac64885a8a6ad7fccd3e7ce8dc3397f71	Init, configuration, certificates, or tuning data; retain board/carrier values unless paired with a source migration	retained_unchanged	vendor/firmware/WMT_SOC.cfg	retained vendor payload
SR12	source_port	connectivity	64	vendor/lib64/hw/android.hardware.bluetooth@1.0-impl-mediatek.so	vendor/lib64/hw/android.hardware.bluetooth@1.0-impl-mediatek.so	1bbebcdae592d758c0b2b6649ea4f653142cf032e821a85929a9bcd6d736ab6e	AOSP hardware/interfaces/bluetooth/1.0/default; MTK state/lifecycle additions need comparison	retained_unchanged	vendor/lib64/hw/android.hardware.bluetooth@1.0-impl-mediatek.so	retained vendor payload
OWNED-LIB	delegated	connectivity	32	vendor/lib/hw/android.hardware.bluetooth.audio@2.0-impl-mediatek.so	vendor/lib/hw/android.hardware.bluetooth.audio@2.0-impl-mediatek.so	a93ca4220d2b49858064a12110f958b86414324b7270ad58cb0ce33f8beff1fb	AOSP graphics/audio/tinycompress ABI work owned by storage agent	removed_paired_source_provider	vendor/lib/hw/android.hardware.bluetooth.audio@2.0-impl.so	hardware/interfaces/bluetooth/audio/2.0/default
RETAIN-ELF	matching_source_unknown	connectivity	64	vendor/lib64/libbt-vendor.so	vendor/lib64/libbt-vendor.so	964f8f948ef787895aab76bd058e38431dc4323b73961794e0cf96ddfdb86e18	No matching source implementation established in this bounded inventory; see family discussion	retained_unchanged	vendor/lib64/libbt-vendor.so	retained vendor payload
OWNED-LIB	delegated	connectivity	64	vendor/lib64/libbluetooth_audio_session_mediatek.so	vendor/lib64/libbluetooth_audio_session_mediatek.so	9d45ffa34e85faa425c756c3067c24a60ad09a18b1b3ce031836ab5d9c9e5ded	AOSP graphics/audio/tinycompress ABI work owned by storage agent	removed_paired_source_provider	vendor/lib64/libbluetooth_audio_session.so	hardware/interfaces/bluetooth/audio/2.0/default
RETAIN-ELF	matching_source_unknown	connectivity	64	vendor/lib64/libbluetooth_mtk.so	vendor/lib64/libbluetooth_mtk.so	7e3cd204a0cc88d937c57015b1e51c4b4d910cd44ddb571a00474bf7ac1dfc98	No matching source implementation established in this bounded inventory; see family discussion	retained_unchanged	vendor/lib64/libbluetooth_mtk.so	retained vendor payload
RETAIN-ELF	matching_source_unknown	connectivity	64	vendor/lib64/libnvram.so	vendor/lib64/libnvram.so	05b85fd3b3d18e8efd243e061796dc802770e957348ca66146eac70845a7bb2b	No matching source implementation established in this bounded inventory; see family discussion	retained_unchanged	vendor/lib64/libnvram.so	retained vendor payload
RETAIN-ELF	matching_source_unknown	connectivity	64	vendor/lib64/libnvram_platform.so	vendor/lib64/libnvram_platform.so	43d94f742ca8f274c8cc353b4d73ecac61099ab5fc865365924e09152b685d6b	No matching source implementation established in this bounded inventory; see family discussion	retained_unchanged	vendor/lib64/libnvram_platform.so	retained vendor payload
RETAIN-ELF	matching_source_unknown	connectivity	64	vendor/lib64/libnvram_sec.so	vendor/lib64/libnvram_sec.so	0dff906db01d7e969c1b3c931beb6074a225611d8faeb390bcf3cd4baf30834f	No matching source implementation established in this bounded inventory; see family discussion	retained_unchanged	vendor/lib64/libnvram_sec.so	retained vendor payload
RETAIN-ELF	matching_source_unknown	connectivity	64	vendor/lib64/libwifi-hal.so	vendor/lib64/libmtk-wifi.so	2c3ca6d32842d1b4019914928d38b7d532731757ef746d99f424b5feae078b3e	No matching source implementation established in this bounded inventory; see family discussion	retained_unchanged	vendor/lib64/libmtk-wifi.so	retained vendor payload
RETAIN-ELF	matching_source_unknown	connectivity	64	vendor/lib64/vendor.mediatek.hardware.wifi.supplicant@2.0.so	vendor/lib64/vendor.mediatek.hardware.wifi.supplicant@2.0.so	7d9688e5e6e51dd66134a78735db8f4d4b446e14742a37a31e6f9e087925d7c5	No matching source implementation established in this bounded inventory; see family discussion	retained_unchanged	vendor/lib64/vendor.mediatek.hardware.wifi.supplicant@2.0.so	retained vendor payload
RETAIN-ELF	matching_source_unknown	connectivity	64	vendor/lib64/vendor.mediatek.hardware.wifi.supplicant@2.1.so	vendor/lib64/vendor.mediatek.hardware.wifi.supplicant@2.1.so	b92af170640e68cd930f44857c5cf4052e0a91a8e37058fe2609214d7ff1e73e	No matching source implementation established in this bounded inventory; see family discussion	retained_unchanged	vendor/lib64/vendor.mediatek.hardware.wifi.supplicant@2.1.so	retained vendor payload
SR02	source_ready	gnss	64	vendor/bin/hw/android.hardware.gnss@2.0-service-mediatek	vendor/bin/hw/android.hardware.gnss@2.0-service-mediatek	63a251a035a9544e71b87f9bb0b1ec3bec571bcfb4f5d426d0005286282efccc	AOSP libhidl passthrough service template; retain HIDL_FETCH_IGnss backend	removed_paired_source_provider	vendor/bin/hw/android.hardware.gnss@2.0-service-k50	device/xsh/k50sv1_64_bsp/gnss-service
RETAIN-ELF	matching_source_unknown	gnss	64	vendor/bin/lbs_hidl_service	vendor/bin/lbs_hidl_service	131d4e81d1ef644600b7e2491481a990e8369be81b54fc6cd63e3a704ddfb87e	No matching source implementation established in this bounded inventory; see family discussion	retained_unchanged	vendor/bin/lbs_hidl_service	retained vendor payload
RETAIN-ELF	matching_source_unknown	gnss	32	vendor/bin/mnld	vendor/bin/mnld	8b49c3c430c97a88ba7a740954e76a0206c6cf841c046482403bc5b4ecf3d996	No matching source implementation established in this bounded inventory; see family discussion	retained_unchanged	vendor/bin/mnld	retained vendor payload
RETAIN-ELF	matching_source_unknown	gnss	32	vendor/bin/mtk_agpsd	vendor/bin/mtk_agpsd	176b475dbc97701c368e0d0ff99f378d6fc4c98571b427a8674acb45b7b6059a	No matching source implementation established in this bounded inventory; see family discussion	retained_unchanged	vendor/bin/mtk_agpsd	retained vendor payload
RETAIN-DATA	configuration_or_resource	gnss	data	vendor/etc/init/android.hardware.gnss@2.0-service-mediatek.rc	vendor/etc/init/android.hardware.gnss@2.0-service-mediatek.rc	4b0c281a449f2203f7b9299baea6cd2743e147b4e8c85d8b36944e0e57f570ee	Init, configuration, certificates, or tuning data; retain board/carrier values unless paired with a source migration	removed_paired_source_provider	vendor/etc/init/android.hardware.gnss@2.0-service-k50.rc	source-owned init recipe paired with the replacement service
RETAIN-DATA	configuration_or_resource	gnss	data	vendor/etc/init/mtk_agpsd_p.rc	vendor/etc/init/mtk_agpsd_p.rc	bd967073fa77e9f9be471ffdf796079f7c524402380409fc014466c710b8246c	Init, configuration, certificates, or tuning data; retain board/carrier values unless paired with a source migration	retained_unchanged	vendor/etc/init/mtk_agpsd_p.rc	retained vendor payload
RETAIN-ELF	matching_source_unknown	gnss	32	vendor/lib/libDR.so	vendor/lib/libDR.so	86644eb8c681efc6a630d76085a1ffe6ff4aa332da9be5e11f11cd4c854ac27a	No matching source implementation established in this bounded inventory; see family discussion	retained_unchanged	vendor/lib/libDR.so	retained vendor payload
RETAIN-ELF	matching_source_unknown	gnss	32	vendor/lib/libgeofence.so	vendor/lib/libgeofence.so	6aaa73a61093478772f15ed65dc23a9bca93ed30f9b48ed3cbc9c1830440521f	No matching source implementation established in this bounded inventory; see family discussion	retained_unchanged	vendor/lib/libgeofence.so	retained vendor payload
RETAIN-ELF	matching_source_unknown	gnss	32	vendor/lib/libmnl.so	vendor/lib/libmnl.so	10f84e785a598820a7ceae870b24db5d4a7e1bd376f95ca889d276b3c8446396	No matching source implementation established in this bounded inventory; see family discussion	retained_unchanged	vendor/lib/libmnl.so	retained vendor payload
RETAIN-ELF	matching_source_unknown	gnss	64	vendor/lib64/hw/android.hardware.gnss@2.0-impl-mediatek.so	vendor/lib64/hw/android.hardware.gnss@2.0-impl-mediatek.so	890a1d8aa5d1e2d8a4f1d7e9df23c5dce2ff1e6a0586ce2600cfc7ac5a2234fb	No matching source implementation established in this bounded inventory; see family discussion	retained_unchanged	vendor/lib64/hw/android.hardware.gnss@2.0-impl-mediatek.so	retained vendor payload
RETAIN-ELF	matching_source_unknown	gnss	64	vendor/lib64/hw/flp.default.so	vendor/lib64/hw/flp.default.so	97af9b26b41922b908bc483a789ee4a21a398b16bf5fab209063d4b959e7d058	No matching source implementation established in this bounded inventory; see family discussion	retained_unchanged	vendor/lib64/hw/flp.default.so	retained vendor payload
RETAIN-ELF	matching_source_unknown	gnss	64	vendor/lib64/hw/gps.default.so	vendor/lib64/hw/gps.default.so	6e5aef500088efac7abee8a9ff09b4e537b2945b815c59b2b3b76d32a0eb9005	No matching source implementation established in this bounded inventory; see family discussion	retained_unchanged	vendor/lib64/hw/gps.default.so	retained vendor payload
RETAIN-ELF	matching_source_unknown	gnss	64	vendor/lib64/lbs_hidl_service-impl.so	vendor/lib64/lbs_hidl_service-impl.so	e4b5237552c74bd9cda7451bf298af9e852523770e10bc4625be3c94e6e641d3	No matching source implementation established in this bounded inventory; see family discussion	retained_unchanged	vendor/lib64/lbs_hidl_service-impl.so	retained vendor payload
RETAIN-ELF	matching_source_unknown	gnss	64	vendor/lib64/vendor.mediatek.hardware.lbs@1.0.so	vendor/lib64/vendor.mediatek.hardware.lbs@1.0.so	ccc69c37eca8737559d6e139177a0a938f3bab54b5e2992eb2307eb3e66d31c4	No matching source implementation established in this bounded inventory; see family discussion	retained_unchanged	vendor/lib64/vendor.mediatek.hardware.lbs@1.0.so	retained vendor payload
RETAIN-ELF	matching_source_unknown	radio	32	vendor/bin/ccci_fsd	vendor/bin/ccci_fsd	c0da9b3508a1f4d0ce92b19e5c0fbc4a80f0b88327572047582a128b6a1c5634	No matching source implementation established in this bounded inventory; see family discussion	retained_unchanged	vendor/bin/ccci_fsd	retained vendor payload
RETAIN-ELF	matching_source_unknown	radio	32	vendor/bin/ccci_mdinit	vendor/bin/ccci_mdinit	c7fc55d0b4929465d702a539864732f6992e06870f228dd6c2dcfeeb81c985a9	No matching source implementation established in this bounded inventory; see family discussion	retained_unchanged	vendor/bin/ccci_mdinit	retained vendor payload
RETAIN-ELF	matching_source_unknown	radio	32	vendor/bin/ccci_rpcd	vendor/bin/ccci_rpcd	9132abb93a9d0fb9136e49d1fbb9dea6659d0b6cbd80ab337a11e9cb7c6cb031	No matching source implementation established in this bounded inventory; see family discussion	retained_unchanged	vendor/bin/ccci_rpcd	retained vendor payload
RETAIN-ELF	matching_source_unknown	radio	32	vendor/bin/gsm0710muxd	vendor/bin/gsm0710muxd	365d91e5ecc7427f9fd82c63033305f86780fa9b387722cbe8011079b8e6bf57	No matching source implementation established in this bounded inventory; see family discussion	retained_unchanged	vendor/bin/gsm0710muxd	retained vendor payload
RETAIN-ELF	matching_source_unknown	radio	64	vendor/bin/hw/rilproxy	vendor/bin/hw/rilproxy	d22551b63f05c4e383202d7e6d061d0bc33c711fde5d96aa63d54738770f6f75	No matching source implementation established in this bounded inventory; see family discussion	retained_unchanged	vendor/bin/hw/rilproxy	retained vendor payload
RETAIN-ELF	matching_source_unknown	radio	64	vendor/bin/hw/vendor.mediatek.hardware.nvram@1.1-service	vendor/bin/hw/vendor.mediatek.hardware.nvram@1.1-service	b72901064a945bae46af316659c9d4038bf1bd255437fb4cc5dbfcd468136815	No matching source implementation established in this bounded inventory; see family discussion	retained_unchanged	vendor/bin/hw/vendor.mediatek.hardware.nvram@1.1-service	retained vendor payload
RETAIN-ELF	matching_source_unknown	radio	64	vendor/bin/mtkrild	vendor/bin/mtkrild	18f0bde7d42a411a95ee55b661b38a61293d0bbdea58f0596773f03bfb745a88	No matching source implementation established in this bounded inventory; see family discussion	retained_unchanged	vendor/bin/mtkrild	retained vendor payload
RETAIN-ELF	matching_source_unknown	radio	64	vendor/bin/muxreport	vendor/bin/muxreport	3d32563f601fec691ea6a78a317d369a5e91983ceac55ed4873a36407074f3fa	No matching source implementation established in this bounded inventory; see family discussion	retained_unchanged	vendor/bin/muxreport	retained vendor payload
RETAIN-ELF	matching_source_unknown	radio	64	vendor/bin/netdagent	vendor/bin/netdagent	401b4ddb824642185e6bd2196c96658c5ddaadffd4f7bcb5f4cba70f3a3792da	No matching source implementation established in this bounded inventory; see family discussion	retained_unchanged	vendor/bin/netdagent	retained vendor payload
RETAIN-ELF	matching_source_unknown	radio	32	vendor/bin/nvram_daemon	vendor/bin/nvram_daemon	5101947013f8adf89fd2987d181ef2f35820eb4cbb600b9ae6d0618970dfb2c1	No matching source implementation established in this bounded inventory; see family discussion	retained_unchanged	vendor/bin/nvram_daemon	retained vendor payload
RETAIN-DATA	configuration_or_resource	radio	data	vendor/etc/init/gsm0710muxd.rc	vendor/etc/init/gsm0710muxd.rc	98cc2496b883e337bcb9e7bc9ceac8a606e2317cc5da3ec8a9a9474353201094	Init, configuration, certificates, or tuning data; retain board/carrier values unless paired with a source migration	retained_unchanged	vendor/etc/init/gsm0710muxd.rc	retained vendor payload
RETAIN-DATA	configuration_or_resource	radio	data	vendor/etc/init/init.cccirpcd.rc	vendor/etc/init/init.cccirpcd.rc	946fd9b36b3c3d26036c923388025b06ca86364491c5ffbba865eb2fd16221de	Init, configuration, certificates, or tuning data; retain board/carrier values unless paired with a source migration	retained_unchanged	vendor/etc/init/init.cccirpcd.rc	retained vendor payload
RETAIN-DATA	configuration_or_resource	radio	data	vendor/etc/init/mtkrild.rc	vendor/etc/init/mtkrild.rc	3c5d36df6d1b8b6ff8157bde278b914521c345ca278dacb3725c68d55af1e7cd	Init, configuration, certificates, or tuning data; retain board/carrier values unless paired with a source migration	retained_unchanged	vendor/etc/init/mtkrild.rc	retained vendor payload
RETAIN-DATA	configuration_or_resource	radio	data	vendor/etc/init/muxreport.rc	vendor/etc/init/muxreport.rc	967c97a8687da1a69dfe5338dba2d379885262508e7f9fb136d2fc40fe4d7171	Init, configuration, certificates, or tuning data; retain board/carrier values unless paired with a source migration	retained_unchanged	vendor/etc/init/muxreport.rc	retained vendor payload
RETAIN-DATA	configuration_or_resource	radio	data	vendor/etc/init/nvram_daemon.rc	vendor/etc/init/nvram_daemon.rc	a6cd1a716873790eb49e1abaf1b5f9ebf91509abc9cfdd2c68abf451deaae23a	Init, configuration, certificates, or tuning data; retain board/carrier values unless paired with a source migration	retained_unchanged	vendor/etc/init/nvram_daemon.rc	retained vendor payload
RETAIN-DATA	configuration_or_resource	radio	data	vendor/etc/init/rilproxy.rc	vendor/etc/init/rilproxy.rc	40e110c046ee532b272cd3a0324fa43673c60aa9fbd62b02f5bfb0d446fda4ca	Init, configuration, certificates, or tuning data; retain board/carrier values unless paired with a source migration	retained_unchanged	vendor/etc/init/rilproxy.rc	retained vendor payload
RETAIN-DATA	configuration_or_resource	radio	data	vendor/etc/init/vendor.mediatek.hardware.nvram@1.1-sevice.rc	vendor/etc/init/vendor.mediatek.hardware.nvram@1.1-sevice.rc	b75822d2a39f1bf11d1086eca6fdc120322232c85f6914921817810e0430ece6	Init, configuration, certificates, or tuning data; retain board/carrier values unless paired with a source migration	retained_unchanged	vendor/etc/init/vendor.mediatek.hardware.nvram@1.1-sevice.rc	retained vendor payload
RETAIN-DATA	configuration_or_resource	radio	data	vendor/etc/ecc_list.xml	vendor/etc/ecc_list.xml	2879403fa7a59d47bd6853f3bd2aae2cb8be29ee1efae6e60e2a45c735c6df10	Init, configuration, certificates, or tuning data; retain board/carrier values unless paired with a source migration	retained_unchanged	vendor/etc/ecc_list.xml	retained vendor payload
RETAIN-ELF	matching_source_unknown	radio	32	vendor/lib/libccci_util.so	vendor/lib/libccci_util.so	02ccd9599b69bdcf58cc459fc6aaca5c4c0f4db90454c85b1fb162c9f3e87461	No matching source implementation established in this bounded inventory; see family discussion	retained_unchanged	vendor/lib/libccci_util.so	retained vendor payload
RETAIN-ELF	matching_source_unknown	radio	32	vendor/lib/libfile_op.so	vendor/lib/libfile_op.so	eb9d9d2af60f081bb85faf9bc087004fcf606e48c2b7cebd39e5f5720bf59da4	No matching source implementation established in this bounded inventory; see family discussion	retained_unchanged	vendor/lib/libfile_op.so	retained vendor payload
RETAIN-ELF	matching_source_unknown	radio	32	vendor/lib/libhwm.so	vendor/lib/libhwm.so	78328bba13105e6d7a4ef553a08b23d02b5f615be9ba6d21b9948b02addebfee	No matching source implementation established in this bounded inventory; see family discussion	retained_unchanged	vendor/lib/libhwm.so	retained vendor payload
RETAIN-ELF	matching_source_unknown	radio	32	vendor/lib/libmtkcutils.so	vendor/lib/libmtkcutils.so	a94a2dec01262c2381b551eee3ece96be7cc692c3ba515442ee5e10a0d5bc29d	No matching source implementation established in this bounded inventory; see family discussion	retained_unchanged	vendor/lib/libmtkcutils.so	retained vendor payload
RETAIN-ELF	matching_source_unknown	radio	32	vendor/lib/libmtkproperty.so	vendor/lib/libmtkproperty.so	c4a050b3f12d70c11d07a647eeda3d270b61c644efa4996579dec9f6390edac2	No matching source implementation established in this bounded inventory; see family discussion	retained_unchanged	vendor/lib/libmtkproperty.so	retained vendor payload
RETAIN-ELF	matching_source_unknown	radio	32	vendor/lib/libmtkrillog.so	vendor/lib/libmtkrillog.so	1fa904b977776d99cff95ef94183f067e13be2093b0b8d1f0ad8a51619a8bb3e	No matching source implementation established in this bounded inventory; see family discussion	retained_unchanged	vendor/lib/libmtkrillog.so	retained vendor payload
RETAIN-ELF	matching_source_unknown	radio	32	vendor/lib/libnvram_daemon_callback.so	vendor/lib/libnvram_daemon_callback.so	bb84475474cfec4938f301571bf8d6974b6e27f87b8c5e62e5935a1d9bfaa1d5	No matching source implementation established in this bounded inventory; see family discussion	retained_unchanged	vendor/lib/libnvram_daemon_callback.so	retained vendor payload
RETAIN-ELF	matching_source_unknown	radio	32	vendor/lib/libstorage_otp.so	vendor/lib/libstorage_otp.so	b9a45a9c39d36f893ad9f4f53c2567c475ecf2b48a506527d2dd361ea0710b44	No matching source implementation established in this bounded inventory; see family discussion	retained_unchanged	vendor/lib/libstorage_otp.so	retained vendor payload
RETAIN-ELF	matching_source_unknown	radio	32	vendor/lib/libsysenv.so	vendor/lib/libsysenv.so	1a69d0d681808ddefab32812cbfbbf0c992da5272a14572436bba89e607f4ab2	No matching source implementation established in this bounded inventory; see family discussion	retained_unchanged	vendor/lib/libsysenv.so	retained vendor payload
RETAIN-ELF	matching_source_unknown	radio	64	vendor/lib64/hw/vendor.mediatek.hardware.nvram@1.1-impl.so	vendor/lib64/hw/vendor.mediatek.hardware.nvram@1.1-impl.so	4788746025b49ab97c9d91fcf72c436c18a2999069e4a67ef1e52046b1c0a6fd	No matching source implementation established in this bounded inventory; see family discussion	retained_unchanged	vendor/lib64/hw/vendor.mediatek.hardware.nvram@1.1-impl.so	retained vendor payload
RETAIN-ELF	matching_source_unknown	radio	64	vendor/lib64/libaudioprimarydevicehalifclient.so	vendor/lib64/libaudioprimarydevicehalifclient.so	0b5e68340b0cda2df40c9d2fbdd3d7887ab131adcb32c229496825de5cf2078f	No matching source implementation established in this bounded inventory; see family discussion	retained_unchanged	vendor/lib64/libaudioprimarydevicehalifclient.so	retained vendor payload
RETAIN-ELF	matching_source_unknown	radio	64	vendor/lib64/libcustom_nvram.so	vendor/lib64/libcustom_nvram.so	55e43d5471bc354b2893365353c01a19bed3e777a18d0c11526e1e2155bed035	No matching source implementation established in this bounded inventory; see family discussion	retained_unchanged	vendor/lib64/libcustom_nvram.so	retained vendor payload
RETAIN-ELF	matching_source_unknown	radio	64	vendor/lib64/libfile_op.so	vendor/lib64/libfile_op.so	af8bcdb39ae1635e21512dad81e29d9be948d745335febe128ac721dc5b427e2	No matching source implementation established in this bounded inventory; see family discussion	retained_unchanged	vendor/lib64/libfile_op.so	retained vendor payload
RETAIN-ELF	matching_source_unknown	radio	64	vendor/lib64/libforkexecwrap.so	vendor/lib64/libforkexecwrap.so	928cb1ba1c2481e30585fe7939f19ae58ef8240cfdad24095a3c3973a999f4e7	No matching source implementation established in this bounded inventory; see family discussion	retained_unchanged	vendor/lib64/libforkexecwrap.so	retained vendor payload
RETAIN-ELF	matching_source_unknown	radio	64	vendor/lib64/libmal.so	vendor/lib64/libmal.so	c3345c427a0ab95594122a99f8b154cb54fd98c6e0a2ba987069d5b9753b9bc6	No matching source implementation established in this bounded inventory; see family discussion	retained_unchanged	vendor/lib64/libmal.so	retained vendor payload
RETAIN-ELF	matching_source_unknown	radio	64	vendor/lib64/libmdfx.so	vendor/lib64/libmdfx.so	afcaa5b259757631c158f6beb173eeec91e627530e62d62f5ea6f4ddbb226812	No matching source implementation established in this bounded inventory; see family discussion	retained_unchanged	vendor/lib64/libmdfx.so	retained vendor payload
RETAIN-ELF	matching_source_unknown	radio	64	vendor/lib64/libmtkconfig.so	vendor/lib64/libmtkconfig.so	deba3619a9a8fe2af9a808bf46adbb21b6f0619c5839165825bade91750709d4	No matching source implementation established in this bounded inventory; see family discussion	retained_unchanged	vendor/lib64/libmtkconfig.so	retained vendor payload
RETAIN-ELF	matching_source_unknown	radio	64	vendor/lib64/libmtkconfigutils.so	vendor/lib64/libmtkconfigutils.so	eb41780e3e44e725a8a0390000a3400f1c6135a5a6cc0391a72d2254d91da061	No matching source implementation established in this bounded inventory; see family discussion	retained_unchanged	vendor/lib64/libmtkconfigutils.so	retained vendor payload
RETAIN-ELF	matching_source_unknown	radio	64	vendor/lib64/libmtkcutils.so	vendor/lib64/libmtkcutils.so	54e7b95051f5401ff5ec285058e818a6786f26b73c44b31b6907390b0de438b0	No matching source implementation established in this bounded inventory; see family discussion	retained_unchanged	vendor/lib64/libmtkcutils.so	retained vendor payload
RETAIN-ELF	matching_source_unknown	radio	64	vendor/lib64/libmtkproperty.so	vendor/lib64/libmtkproperty.so	f3326313b567cb7e4dee96cbbb2c44d198307e703370a718a8083403498eb470	No matching source implementation established in this bounded inventory; see family discussion	retained_unchanged	vendor/lib64/libmtkproperty.so	retained vendor payload
RETAIN-ELF	matching_source_unknown	radio	64	vendor/lib64/libmtkrillog.so	vendor/lib64/libmtkrillog.so	ebd74a94dbdfd6d9fc0384540bc97de1dbfb34a1585dceaa310de10f8b1c9c26	No matching source implementation established in this bounded inventory; see family discussion	retained_unchanged	vendor/lib64/libmtkrillog.so	retained vendor payload
RETAIN-ELF	matching_source_unknown	radio	64	vendor/lib64/libmtkrilutils.so	vendor/lib64/libmtkrilutils.so	b7eb52d1497ba62b53bfbc2ff7b30c25de70b0abd732fc917f9800ab4ec811e6	No matching source implementation established in this bounded inventory; see family discussion	retained_unchanged	vendor/lib64/libmtkrilutils.so	retained vendor payload
SR07	source_abi_check	radio	64	vendor/lib64/libmtktinyxml.so	vendor/lib64/libmtktinyxml.so	be5c4a13b2a93d18113e88c8e61a9aadb13fe9cf51b1af9d4677a077f397646f	AOSP external/tinyxml; match non-STL class layout and SONAME	removed_paired_source_provider	vendor/lib64/libmtktinyxml.so	device/xsh/k50sv1_64_bsp/tinyxml
RETAIN-ELF	matching_source_unknown	radio	64	vendor/lib64/libmtkutils.so	vendor/lib64/libmtkutils.so	575912f6660e8cf56cb1ab945c2e21be14205f004ede3e8acd7e790df9574092	No matching source implementation established in this bounded inventory; see family discussion	retained_unchanged	vendor/lib64/libmtkutils.so	retained vendor payload
RETAIN-ELF	matching_source_unknown	radio	64	vendor/lib64/libratconfig.so	vendor/lib64/libratconfig.so	34fc940b77d593339b36fd757d2679d3c2ecfb76a2d7856d40f7f0fc284f7f78	No matching source implementation established in this bounded inventory; see family discussion	retained_unchanged	vendor/lib64/libratconfig.so	retained vendor payload
RETAIN-ELF	matching_source_unknown	radio	64	vendor/lib64/librilmtk.so	vendor/lib64/librilmtk.so	69981722f45545a9c468853bf8b32b5016a9ba68ad2e1c99fccba36277717956	No matching source implementation established in this bounded inventory; see family discussion	retained_unchanged	vendor/lib64/librilmtk.so	retained vendor payload
RETAIN-ELF	matching_source_unknown	radio	64	vendor/lib64/librilproxy.so	vendor/lib64/librilproxy.so	95a296132acdee105b6ff030326a8b0d03bcfbbcd5def7b8fdfef9273b720a59	No matching source implementation established in this bounded inventory; see family discussion	retained_unchanged	vendor/lib64/librilproxy.so	retained vendor payload
RETAIN-ELF	matching_source_unknown	radio	64	vendor/lib64/librilproxyutils.so	vendor/lib64/librilproxyutils.so	9098ffa16f7d8d0f5963bf1d375e8ce1ddd3cd6f6e386345c58bc4d5baaa76fd	No matching source implementation established in this bounded inventory; see family discussion	retained_unchanged	vendor/lib64/librilproxyutils.so	retained vendor payload
RETAIN-ELF	matching_source_unknown	radio	64	vendor/lib64/libsysenv.so	vendor/lib64/libsysenv.so	74cc8eb687163a06978bd6a8d9d1822a32c37851d2aae3742aba74df618bcc86	No matching source implementation established in this bounded inventory; see family discussion	retained_unchanged	vendor/lib64/libsysenv.so	retained vendor payload
RETAIN-ELF	matching_source_unknown	radio	64	vendor/lib64/mtk-ril.so	vendor/lib64/mtk-ril.so	60b82ed7682dd882dff90c6bfc196c4abd861d2006b88d2c94d6d1a77a3d02d6	No matching source implementation established in this bounded inventory; see family discussion	retained_unchanged	vendor/lib64/mtk-ril.so	retained vendor payload
RETAIN-ELF	matching_source_unknown	radio	64	vendor/lib64/mtk-rilproxy.so	vendor/lib64/mtk-rilproxy.so	6c89be16bb309055f58469387a6580217777930690d0465342b02cbd10c8e23c	No matching source implementation established in this bounded inventory; see family discussion	retained_unchanged	vendor/lib64/mtk-rilproxy.so	retained vendor payload
RETAIN-ELF	matching_source_unknown	radio	64	vendor/lib64/vendor.mediatek.hardware.mtkradioex@1.0.so	vendor/lib64/vendor.mediatek.hardware.mtkradioex@1.0.so	089ea1272d83b5b370a6e03c8ac8264fb23905c4d9a7b753daeb408099e14916	No matching source implementation established in this bounded inventory; see family discussion	retained_unchanged	vendor/lib64/vendor.mediatek.hardware.mtkradioex@1.0.so	retained vendor payload
RETAIN-ELF	matching_source_unknown	radio	64	vendor/lib64/vendor.mediatek.hardware.mtkradioex@1.1.so	vendor/lib64/vendor.mediatek.hardware.mtkradioex@1.1.so	51c51bf514c51cbd27a3fa6fc6c24041fd7d17138f2031d4899f9991e13f4e48	No matching source implementation established in this bounded inventory; see family discussion	retained_unchanged	vendor/lib64/vendor.mediatek.hardware.mtkradioex@1.1.so	retained vendor payload
RETAIN-ELF	matching_source_unknown	radio	64	vendor/lib64/vendor.mediatek.hardware.mtkradioex@1.2.so	vendor/lib64/vendor.mediatek.hardware.mtkradioex@1.2.so	6c7658c500c3291496538da0a352b87952358e9ba315b270b05672c08ad6fa1c	No matching source implementation established in this bounded inventory; see family discussion	retained_unchanged	vendor/lib64/vendor.mediatek.hardware.mtkradioex@1.2.so	retained vendor payload
RETAIN-ELF	matching_source_unknown	radio	64	vendor/lib64/vendor.mediatek.hardware.mtkradioex@1.3.so	vendor/lib64/vendor.mediatek.hardware.mtkradioex@1.3.so	73826f202608aff852cab18c7dd3ea7080656fb7c2a33e9c770e533ea8351ee5	No matching source implementation established in this bounded inventory; see family discussion	retained_unchanged	vendor/lib64/vendor.mediatek.hardware.mtkradioex@1.3.so	retained vendor payload
RETAIN-ELF	matching_source_unknown	radio	64	vendor/lib64/vendor.mediatek.hardware.mtkradioex@1.4.so	vendor/lib64/vendor.mediatek.hardware.mtkradioex@1.4.so	cfd6e4a8c8b41e7219ff1f362b4e51fac4507cca23158f4813db6101eda34670	No matching source implementation established in this bounded inventory; see family discussion	retained_unchanged	vendor/lib64/vendor.mediatek.hardware.mtkradioex@1.4.so	retained vendor payload
RETAIN-ELF	matching_source_unknown	radio	64	vendor/lib64/vendor.mediatek.hardware.mtkradioex@1.5.so	vendor/lib64/vendor.mediatek.hardware.mtkradioex@1.5.so	db1fa67c71c4658a195be9474a04899b16030049e20e90016c2bdd84b7b534fa	No matching source implementation established in this bounded inventory; see family discussion	retained_unchanged	vendor/lib64/vendor.mediatek.hardware.mtkradioex@1.5.so	retained vendor payload
RETAIN-ELF	matching_source_unknown	radio	64	vendor/lib64/vendor.mediatek.hardware.mtkradioex@1.6.so	vendor/lib64/vendor.mediatek.hardware.mtkradioex@1.6.so	91eacabe8d45fdc68e596915331cbf60033e2a0dc0ed23aea05462cde33b7ff6	No matching source implementation established in this bounded inventory; see family discussion	retained_unchanged	vendor/lib64/vendor.mediatek.hardware.mtkradioex@1.6.so	retained vendor payload
RETAIN-ELF	matching_source_unknown	radio	64	vendor/lib64/vendor.mediatek.hardware.mtkradioex@1.7.so	vendor/lib64/vendor.mediatek.hardware.mtkradioex@1.7.so	38d581278b1fd7a089572fd851be341e9e5f61dff765bcd6eee1db65aeb59dd5	No matching source implementation established in this bounded inventory; see family discussion	retained_unchanged	vendor/lib64/vendor.mediatek.hardware.mtkradioex@1.7.so	retained vendor payload
RETAIN-ELF	matching_source_unknown	radio	64	vendor/lib64/vendor.mediatek.hardware.mtkradioex@1.8.so	vendor/lib64/vendor.mediatek.hardware.mtkradioex@1.8.so	7bf0c18c0b2d45b4fd33bbea4584de94819c89f960d7f2534cf781c6c662ee69	No matching source implementation established in this bounded inventory; see family discussion	retained_unchanged	vendor/lib64/vendor.mediatek.hardware.mtkradioex@1.8.so	retained vendor payload
RETAIN-ELF	matching_source_unknown	radio	64	vendor/lib64/vendor.mediatek.hardware.mtkradioex@1.9.so	vendor/lib64/vendor.mediatek.hardware.mtkradioex@1.9.so	f7154139ee24cc2bb6bf5cc6354fb1bc2f2c3b56933514e5a3b9638799e24462	No matching source implementation established in this bounded inventory; see family discussion	retained_unchanged	vendor/lib64/vendor.mediatek.hardware.mtkradioex@1.9.so	retained vendor payload
RETAIN-ELF	matching_source_unknown	radio	64	vendor/lib64/vendor.mediatek.hardware.netdagent@1.0.so	vendor/lib64/vendor.mediatek.hardware.netdagent@1.0.so	30a15757f6fbccce158a40fb3cd1a96052df57563405b801f1e180884679cf57	No matching source implementation established in this bounded inventory; see family discussion	retained_unchanged	vendor/lib64/vendor.mediatek.hardware.netdagent@1.0.so	retained vendor payload
RETAIN-ELF	matching_source_unknown	radio	64	vendor/lib64/vendor.mediatek.hardware.nvram@1.0.so	vendor/lib64/vendor.mediatek.hardware.nvram@1.0.so	4d76b6a1cdf80cfaf2f25929278863b357c8bdb173c2db087ae10dbf72bcbbd7	No matching source implementation established in this bounded inventory; see family discussion	retained_unchanged	vendor/lib64/vendor.mediatek.hardware.nvram@1.0.so	retained vendor payload
RETAIN-ELF	matching_source_unknown	radio	64	vendor/lib64/vendor.mediatek.hardware.nvram@1.1.so	vendor/lib64/vendor.mediatek.hardware.nvram@1.1.so	9f2fab6cc83c7e8491dc4c396a96f9d3f84e7057114a9790c83a345166e73462	No matching source implementation established in this bounded inventory; see family discussion	retained_unchanged	vendor/lib64/vendor.mediatek.hardware.nvram@1.1.so	retained vendor payload
RETAIN-DEX	matching_source_unknown	ims	data	system/framework/mediatek-common.jar	system/framework/mediatek-common.jar	265646ab25a705cb1d973f16886c637c89d1d6501861574f3e80865498d2ec5b	MTK framework/application bytecode; stock interfaces and signing/IMS integration retained	retained_unchanged	system/framework/mediatek-common.jar	retained vendor payload
RETAIN-DEX	matching_source_unknown	ims	data	system/framework/mediatek-ims-base.jar	system/framework/mediatek-ims-base.jar	4a51f14b60aaa24f9e2672043ae5c8322105bb66aebacf7f230d8d8d9d153e0e	MTK framework/application bytecode; stock interfaces and signing/IMS integration retained	retained_unchanged	system/framework/mediatek-ims-base.jar	retained vendor payload
RETAIN-DEX	matching_source_unknown	ims	data	system/framework/mediatek-ims-common.jar	system/framework/mediatek-ims-common.jar	fbb60f62b470eb4731adfcfc6728dd3e5e5b459213d1520ece7b5b8b4c4ccad9	MTK framework/application bytecode; stock interfaces and signing/IMS integration retained	retained_unchanged	system/framework/mediatek-ims-common.jar	retained vendor payload
RETAIN-DEX	matching_source_unknown	ims	data	system/framework/mediatek-ims-extension-plugin.jar	system/framework/mediatek-ims-extension-plugin.jar	ab3249e2f626ef647940aa0756cac0b10006efb0d1d3182c480ae8cf848c3434	MTK framework/application bytecode; stock interfaces and signing/IMS integration retained	retained_unchanged	system/framework/mediatek-ims-extension-plugin.jar	retained vendor payload
RETAIN-DEX	matching_source_unknown	ims	data	system/framework/mediatek-ims-legacy.jar	system/framework/mediatek-ims-legacy.jar	a2c5cc1f4910ec30be1d83663e66dec899e38a509c940ab0fa8d8680087091ae	MTK framework/application bytecode; stock interfaces and signing/IMS integration retained	retained_unchanged	system/framework/mediatek-ims-legacy.jar	retained vendor payload
RETAIN-DEX	matching_source_unknown	ims	data	system/framework/mediatek-telecom-common.jar	system/framework/mediatek-telecom-common.jar	1797af28fbaeb11b317bbc521a8bc293e6fbfe4faf699569361a65a885060538	MTK framework/application bytecode; stock interfaces and signing/IMS integration retained	retained_unchanged	system/framework/mediatek-telecom-common.jar	retained vendor payload
RETAIN-DEX	matching_source_unknown	ims	data	system/framework/mediatek-telephony-base.jar	system/framework/mediatek-telephony-base.jar	581d8f0478ae67e56ac181d313ba3161052388a630d25c78d5868710ca69bcb4	MTK framework/application bytecode; stock interfaces and signing/IMS integration retained	retained_unchanged	system/framework/mediatek-telephony-base.jar	retained vendor payload
RETAIN-DEX	matching_source_unknown	ims	data	system/framework/mediatek-telephony-common.jar	system/framework/mediatek-telephony-common.jar	2db34d90848f6838c827dd1cd968c634802a4fcfe0b00d15395ad4ecf8baa009	MTK framework/application bytecode; stock interfaces and signing/IMS integration retained	retained_unchanged	system/framework/mediatek-telephony-common.jar	retained vendor payload
RETAIN-DEX	matching_source_unknown	ims	data	system/priv-app/ImsService/ImsService.apk	system/priv-app/ImsService/ImsService.apk	c762f544596c1066c1ed36feb78ee00d7035262bf087572a7c8026f2f8629a8b	MTK framework/application bytecode; stock interfaces and signing/IMS integration retained	retained_unchanged	system/priv-app/ImsService/ImsService.apk	retained vendor payload
RETAIN-DEX	matching_source_unknown	ims	data	system/framework/mediatek-wfo-legacy.jar	system/framework/mediatek-wfo-legacy.jar	a0dbdcf9b3b5fe9fa678a03da4853e34958de09ca1adca28747e6e7ded30ecca	MTK framework/application bytecode; stock interfaces and signing/IMS integration retained	retained_unchanged	system/framework/mediatek-wfo-legacy.jar	retained vendor payload
RETAIN-ELF	matching_source_unknown	ims	64	vendor/bin/hw/vendor.mediatek.hardware.wfo@1.0-service	vendor/bin/hw/vendor.mediatek.hardware.wfo@1.0-service	d38fd70cebcd33fc710e841c1438451fa86b5e30719c777b566a20b694145765	No matching source implementation established in this bounded inventory; see family discussion	retained_unchanged	vendor/bin/hw/vendor.mediatek.hardware.wfo@1.0-service	retained vendor payload
RETAIN-DATA	configuration_or_resource	ims	data	vendor/etc/init/vendor.mediatek.hardware.wfo@1.0-service.rc	vendor/etc/init/vendor.mediatek.hardware.wfo@1.0-service.rc	d53d750d7ed610226fed9bc45c0302ae73c7e750fa581842dc971dccb254dfbd	Init, configuration, certificates, or tuning data; retain board/carrier values unless paired with a source migration	retained_unchanged	vendor/etc/init/vendor.mediatek.hardware.wfo@1.0-service.rc	retained vendor payload
RETAIN-ELF	matching_source_unknown	ims	64	vendor/lib64/vendor.mediatek.hardware.wfo@1.0.so	vendor/lib64/vendor.mediatek.hardware.wfo@1.0.so	f3ce9c3fd0d83ec557b823a9f40de4cd47480a54db5bb3e2cd4de6bd4f7ca6c3	No matching source implementation established in this bounded inventory; see family discussion	retained_unchanged	vendor/lib64/vendor.mediatek.hardware.wfo@1.0.so	retained vendor payload
RETAIN-ELF	matching_source_unknown	ims	64	vendor/bin/hw/vendor.mediatek.hardware.imsa@1.0-service	vendor/bin/hw/vendor.mediatek.hardware.imsa@1.0-service	3a8d265fd638c4eee693d63435600a4f27960d00f9c9a3556a90be7531e20980	No matching source implementation established in this bounded inventory; see family discussion	retained_unchanged	vendor/bin/hw/vendor.mediatek.hardware.imsa@1.0-service	retained vendor payload
RETAIN-ELF	matching_source_unknown	ims	32	vendor/bin/mtkmal	vendor/bin/mtkmal	a219f13812b57b04e800a9a0466daa1de67d64d2270b15ce7e0f06d15223e280	No matching source implementation established in this bounded inventory; see family discussion	retained_unchanged	vendor/bin/mtkmal	retained vendor payload
RETAIN-ELF	matching_source_unknown	ims	32	vendor/bin/volte_imcb	vendor/bin/volte_imcb	6a339da51ddcfd9f75d8132625d9db2884d8c001045790d362bb57a9c8c190c3	No matching source implementation established in this bounded inventory; see family discussion	retained_unchanged	vendor/bin/volte_imcb	retained vendor payload
RETAIN-ELF	matching_source_unknown	ims	32	vendor/bin/volte_stack	vendor/bin/volte_stack	d6d74be9db1adf75f548d5585ac1e244656f2b2136135320564567a0886e2eb0	No matching source implementation established in this bounded inventory; see family discussion	retained_unchanged	vendor/bin/volte_stack	retained vendor payload
RETAIN-ELF	matching_source_unknown	ims	32	vendor/bin/volte_ua	vendor/bin/volte_ua	07ef929671db3cb70e93a7783bb000607e9b4ad5805fd149be725e05dc0c47e5	No matching source implementation established in this bounded inventory; see family discussion	retained_unchanged	vendor/bin/volte_ua	retained vendor payload
RETAIN-DATA	configuration_or_resource	ims	data	vendor/etc/init/init.mal.rc	vendor/etc/init/init.mal.rc	ff37600e9556e2a74b795ba8d5fba13fdfd35f0f531eb2d94b9f8ac62cc49085	Init, configuration, certificates, or tuning data; retain board/carrier values unless paired with a source migration	retained_unchanged	vendor/etc/init/init.mal.rc	retained vendor payload
RETAIN-DATA	configuration_or_resource	ims	data	vendor/etc/init/init.volte_stack.rc	vendor/etc/init/init.volte_stack.rc	9ac6ed95df0efc635128c452592e4b17df51cff6a12d557d53e171a403c1940b	Init, configuration, certificates, or tuning data; retain board/carrier values unless paired with a source migration	retained_unchanged	vendor/etc/init/init.volte_stack.rc	retained vendor payload
RETAIN-DATA	configuration_or_resource	ims	data	vendor/etc/init/init.volte_ua.rc	vendor/etc/init/init.volte_ua.rc	4bd6d3e72f38076936734817715ed76a955a6afd64d660917441c32fe28caa6c	Init, configuration, certificates, or tuning data; retain board/carrier values unless paired with a source migration	retained_unchanged	vendor/etc/init/init.volte_ua.rc	retained vendor payload
RETAIN-DATA	configuration_or_resource	ims	data	vendor/etc/init/vendor.mediatek.hardware.imsa@1.0-service.rc	vendor/etc/init/vendor.mediatek.hardware.imsa@1.0-service.rc	e51884eaf6044ea27669f64810dd6d01fff1eefab259cd4056d5a63b2c60fdf7	Init, configuration, certificates, or tuning data; retain board/carrier values unless paired with a source migration	retained_unchanged	vendor/etc/init/vendor.mediatek.hardware.imsa@1.0-service.rc	retained vendor payload
SR06	source_port	ims	32	vendor/lib/libipsec_ims_shr.so	vendor/lib/libipsec_ims_shr.so	27d104de43dbe8531e47ec7c229468805d2d21c0a96ee7cc5540ba26de7d66fe	Motorola libipsec_ims faf665099c3b4dc32479d7e0c5afc7e1dbbb3d4b	retained_unchanged	vendor/lib/libipsec_ims_shr.so	retained vendor payload
RETAIN-ELF	matching_source_unknown	ims	32	vendor/lib/libmal.so	vendor/lib/libmal.so	cdc412e1ed88f34c1c1542eb20c54536f3c5002898828633ba66e87805611631	No matching source implementation established in this bounded inventory; see family discussion	retained_unchanged	vendor/lib/libmal.so	retained vendor payload
RETAIN-ELF	matching_source_unknown	ims	32	vendor/lib/libmal_datamngr.so	vendor/lib/libmal_datamngr.so	25c45f781d8e210264fecf914dea83b2c266546e90b64f8d627c4adff14a5b79	No matching source implementation established in this bounded inventory; see family discussion	retained_unchanged	vendor/lib/libmal_datamngr.so	retained vendor payload
RETAIN-ELF	matching_source_unknown	ims	32	vendor/lib/libmal_imsmngr.so	vendor/lib/libmal_imsmngr.so	4091d807fb727d17238692c291a8735e5f9d7406015b5c8a44c50b58c6fe15c3	No matching source implementation established in this bounded inventory; see family discussion	retained_unchanged	vendor/lib/libmal_imsmngr.so	retained vendor payload
RETAIN-ELF	matching_source_unknown	ims	32	vendor/lib/libmal_mdmngr.so	vendor/lib/libmal_mdmngr.so	76b859953caeb11b1828f1aebc83764eac3fd56016299cdc6dd47239fe9a6c52	No matching source implementation established in this bounded inventory; see family discussion	retained_unchanged	vendor/lib/libmal_mdmngr.so	retained vendor payload
RETAIN-ELF	matching_source_unknown	ims	32	vendor/lib/libmal_nwmngr.so	vendor/lib/libmal_nwmngr.so	c8e4e88582582aeabe8129e381381f8f4dc161c2dc61e71cf81ea0d0622ab888	No matching source implementation established in this bounded inventory; see family discussion	retained_unchanged	vendor/lib/libmal_nwmngr.so	retained vendor payload
RETAIN-ELF	matching_source_unknown	ims	32	vendor/lib/libmal_rds.so	vendor/lib/libmal_rds.so	577be04201426ebb06cceab590e6d452cb2dd243245a717cdce96aaaffa622f7	No matching source implementation established in this bounded inventory; see family discussion	retained_unchanged	vendor/lib/libmal_rds.so	retained vendor payload
RETAIN-ELF	matching_source_unknown	ims	32	vendor/lib/libmal_rilproxy.so	vendor/lib/libmal_rilproxy.so	5da9a3c9477d2d0c2cd8e0cacad6d0e104a571ed76bef65226d8dfec13e38ce2	No matching source implementation established in this bounded inventory; see family discussion	retained_unchanged	vendor/lib/libmal_rilproxy.so	retained vendor payload
RETAIN-ELF	matching_source_unknown	ims	32	vendor/lib/libmal_simmngr.so	vendor/lib/libmal_simmngr.so	4bf3c336e7ed96f0316eb47ada54ae21e2636c15f1f3faddd21b37b6135a88da	No matching source implementation established in this bounded inventory; see family discussion	retained_unchanged	vendor/lib/libmal_simmngr.so	retained vendor payload
RETAIN-ELF	matching_source_unknown	ims	32	vendor/lib/libmdfx.so	vendor/lib/libmdfx.so	bf7eab20a1de0a111e149f9b86332727b35650a7812f5dd7b5e656df78e291f8	No matching source implementation established in this bounded inventory; see family discussion	retained_unchanged	vendor/lib/libmdfx.so	retained vendor payload
RETAIN-ELF	matching_source_unknown	ims	32	vendor/lib/libverno.so	vendor/lib/libverno.so	317a9452b934301fefe99b901510ae0c8d4d6d625f52c15d4480ae393fa2adfa	No matching source implementation established in this bounded inventory; see family discussion	retained_unchanged	vendor/lib/libverno.so	retained vendor payload
RETAIN-ELF	matching_source_unknown	ims	32	vendor/lib/libvolte_core_shr.so	vendor/lib/libvolte_core_shr.so	300badea708f386042b7b6c1b371d84bab22c64c825253bcf42c245c2ee9a075	No matching source implementation established in this bounded inventory; see family discussion	retained_unchanged	vendor/lib/libvolte_core_shr.so	retained vendor payload
RETAIN-ELF	matching_source_unknown	ims	32	vendor/lib/libvolte_xdmc_shr.so	vendor/lib/libvolte_xdmc_shr.so	6546d2451d3e34c5b22b72103d5208431cc4fc9ca2a77f8bb22b6cb661325f06	No matching source implementation established in this bounded inventory; see family discussion	retained_unchanged	vendor/lib/libvolte_xdmc_shr.so	retained vendor payload
RETAIN-ELF	matching_source_unknown	ims	32	vendor/lib/volte_imsm.so	vendor/lib/volte_imsm.so	3e5d873c9e8a932fdc752e4bd2d896e0b48cb4fa38ff869df3aa9d1df2945996	No matching source implementation established in this bounded inventory; see family discussion	retained_unchanged	vendor/lib/volte_imsm.so	retained vendor payload
RETAIN-ELF	matching_source_unknown	ims	64	vendor/lib64/vendor.mediatek.hardware.imsa@1.0.so	vendor/lib64/vendor.mediatek.hardware.imsa@1.0.so	1497c82d4ca1b8caab6f4961ff9a806dee66559a4f487eb6ceb124f4c98f0aac	No matching source implementation established in this bounded inventory; see family discussion	retained_unchanged	vendor/lib64/vendor.mediatek.hardware.imsa@1.0.so	retained vendor payload
RETAIN-ELF	matching_source_unknown	vowifi	64	vendor/bin/epdg_wod	vendor/bin/epdg_wod	fb8a16dd86f41c4fea7e14cd8f53d207c3e63736cb3a2edff6848a83ebb53b0f	No matching source implementation established in this bounded inventory; see family discussion	retained_unchanged	vendor/bin/epdg_wod	retained vendor payload
RETAIN-ELF	matching_source_unknown	vowifi	32	vendor/bin/wfca	vendor/bin/wfca	8bbf61f4cd88ad90b5375227f7420b6f21de61a4e33af73a063513fc72627ec1	No matching source implementation established in this bounded inventory; see family discussion	retained_unchanged	vendor/bin/wfca	retained vendor payload
SR18	source_contract_check	vowifi	64	vendor/bin/starter	vendor/bin/starter	9c90c18889b8ae6e4524b07b87f2ca562e76babed92ce43677846ab51b77969e	Motorola strongswan 0cc62868 / b1ad8074; matching current Q WOD/plugin/crypto ABI unproven	retained_unchanged	vendor/bin/starter	retained vendor payload
SR18	source_contract_check	vowifi	64	vendor/bin/charon	vendor/bin/charon	b7886570ef6b1a9be523fbb0e3c44c5ad5be79244aeafb1ccba7df0a27e4a057	Motorola strongswan 0cc62868 / b1ad8074; matching current Q WOD/plugin/crypto ABI unproven	retained_unchanged	vendor/bin/charon	retained vendor payload
SR18	source_contract_check	vowifi	64	vendor/bin/stroke	vendor/bin/stroke	e289f6363451093876f53de7d5fc63798e553b59479808cc5478ea17946812fe	Motorola strongswan 0cc62868 / b1ad8074; matching current Q WOD/plugin/crypto ABI unproven	retained_unchanged	vendor/bin/stroke	retained vendor payload
RETAIN-ELF	matching_source_unknown	vowifi	32	vendor/lib/libmal_epdga.so	vendor/lib/libmal_epdga.so	48493993b50f39bad564fbd4961d2b9841b133d8f59c76d49755229b14e3c5c1	No matching source implementation established in this bounded inventory; see family discussion	retained_unchanged	vendor/lib/libmal_epdga.so	retained vendor payload
RETAIN-ELF	matching_source_unknown	vowifi	32	vendor/lib/libwo.so	vendor/lib/libwo.so	400d1e8e2e50cca69a2f5c8208c99b7a9d193bc4bd330a9d450e587306245957	No matching source implementation established in this bounded inventory; see family discussion	retained_unchanged	vendor/lib/libwo.so	retained vendor payload
RETAIN-ELF	matching_source_unknown	vowifi	64	vendor/lib64/libwo.so	vendor/lib64/libwo.so	f2b7264d7a7243e0242aa65be95e76fc476ec6069028699f76e4c9908b20a21d	No matching source implementation established in this bounded inventory; see family discussion	retained_unchanged	vendor/lib64/libwo.so	retained vendor payload
SR18	source_contract_check	vowifi	64	vendor/lib64/libcharon-ss.so	vendor/lib64/libcharon-ss.so	a93e1bd26cf9aec0ca2bc4aed2b6a7ea39223062d000152ca99de928c561d82a	Motorola strongswan 0cc62868 / b1ad8074; matching current Q WOD/plugin/crypto ABI unproven	retained_unchanged	vendor/lib64/libcharon-ss.so	retained vendor payload
SR18	source_contract_check	vowifi	64	vendor/lib64/libcrypto-ss.so	vendor/lib64/libcrypto-ss.so	f366335f0ede31982515f7e14fddf50115798569a6908aef190e33b1155cb6e2	Motorola strongswan 0cc62868 / b1ad8074; matching current Q WOD/plugin/crypto ABI unproven	retained_unchanged	vendor/lib64/libcrypto-ss.so	retained vendor payload
SR18	source_contract_check	vowifi	64	vendor/lib64/libcurl-ss.so	vendor/lib64/libcurl-ss.so	76ee249985814f8099e1b727c2e096b47cc2d2bf3a36be8b2a41fbe29459ab13	Motorola strongswan 0cc62868 / b1ad8074; matching current Q WOD/plugin/crypto ABI unproven	retained_unchanged	vendor/lib64/libcurl-ss.so	retained vendor payload
SR18	source_contract_check	vowifi	64	vendor/lib64/libhydra.so	vendor/lib64/libhydra.so	ced612662e551e9c0972e9737fc95f3ab17b7a2254c65c4594b6b92e3626df28	Motorola strongswan 0cc62868 / b1ad8074; matching current Q WOD/plugin/crypto ABI unproven	retained_unchanged	vendor/lib64/libhydra.so	retained vendor payload
SR18	source_contract_check	vowifi	64	vendor/lib64/libsimaka.so	vendor/lib64/libsimaka.so	8ece67c29c78c0c0e9dc6139ff614653810d39099e6419b3e7dca8feb7a02997	Motorola strongswan 0cc62868 / b1ad8074; matching current Q WOD/plugin/crypto ABI unproven	retained_unchanged	vendor/lib64/libsimaka.so	retained vendor payload
SR18	source_contract_check	vowifi	64	vendor/lib64/libssl-ss.so	vendor/lib64/libssl-ss.so	807d7677360e0859d34da63dee306007dd3217595a2902f7ec25625a6172f631	Motorola strongswan 0cc62868 / b1ad8074; matching current Q WOD/plugin/crypto ABI unproven	retained_unchanged	vendor/lib64/libssl-ss.so	retained vendor payload
SR18	source_contract_check	vowifi	64	vendor/lib64/libstrongswan.so	vendor/lib64/libstrongswan.so	4d8cb93f87e487facba1118d3c822f3bde159095238143a4e9832d3aa9ebc8da	Motorola strongswan 0cc62868 / b1ad8074; matching current Q WOD/plugin/crypto ABI unproven	retained_unchanged	vendor/lib64/libstrongswan.so	retained vendor payload
RETAIN-DATA	configuration_or_resource	vowifi	data	vendor/etc/ipsec/ipsec.conf	vendor/etc/ipsec/ipsec.conf	457273daf3e70a6e069dde468e081564aaa3ab00d5eb28f606dcdebed163612e	Init, configuration, certificates, or tuning data; retain board/carrier values unless paired with a source migration	retained_unchanged	vendor/etc/ipsec/ipsec.conf	retained vendor payload
RETAIN-DATA	configuration_or_resource	vowifi	data	vendor/etc/ipsec/strongswan.conf	vendor/etc/ipsec/strongswan.conf	456472b2dd0d0e4e3103670f5d66588b06b1b080df9fdabbff2047f19adf51fe	Init, configuration, certificates, or tuning data; retain board/carrier values unless paired with a source migration	retained_unchanged	vendor/etc/ipsec/strongswan.conf	retained vendor payload
RETAIN-DATA	configuration_or_resource	vowifi	data	vendor/etc/ipsec/wod_cust.conf	vendor/etc/ipsec/wod_cust.conf	b4740bcb3cfa35c21cb9e24d53d97da327a747e93e5bf6362b2001424bc35311	Init, configuration, certificates, or tuning data; retain board/carrier values unless paired with a source migration	retained_unchanged	vendor/etc/ipsec/wod_cust.conf	retained vendor payload
RETAIN-DATA	configuration_or_resource	vowifi	data	vendor/etc/ipsec/wod_optr.conf	vendor/etc/ipsec/wod_optr.conf	284fb64dec4d7c8a6a31c1f3b8af2e8a92c265d415ec07035eb9b90887132972	Init, configuration, certificates, or tuning data; retain board/carrier values unless paired with a source migration	retained_unchanged	vendor/etc/ipsec/wod_optr.conf	retained vendor payload
RETAIN-DATA	configuration_or_resource	vowifi	data	vendor/etc/ipsec/ssl/openssl.cnf	vendor/etc/ipsec/ssl/openssl.cnf	e3b0c44298fc1c149afbf4c8996fb92427ae41e4649b934ca495991b7852b855	Init, configuration, certificates, or tuning data; retain board/carrier values unless paired with a source migration	retained_unchanged	vendor/etc/ipsec/ssl/openssl.cnf	retained vendor payload
RETAIN-DATA	configuration_or_resource	vowifi	data	vendor/etc/ipsec/ipsec.d/cacerts/Entrust.net_Certification_Authority_2048.cer	vendor/etc/ipsec/ipsec.d/cacerts/Entrust.net_Certification_Authority_2048.cer	893299f422d50dfc38fa4fef23d7e833a164d98066d58b4fc7489b49e775d207	Init, configuration, certificates, or tuning data; retain board/carrier values unless paired with a source migration	retained_unchanged	vendor/etc/ipsec/ipsec.d/cacerts/Entrust.net_Certification_Authority_2048.cer	retained vendor payload
RETAIN-DATA	configuration_or_resource	vowifi	data	vendor/etc/ipsec/ipsec.d/cacerts/GeoTrust_PCA_G3_Root.der	vendor/etc/ipsec/ipsec.d/cacerts/GeoTrust_PCA_G3_Root.der	b478b812250df878635c2aa7ec7d155eaa625ee82916e2cd294361886cd1fbd4	Init, configuration, certificates, or tuning data; retain board/carrier values unless paired with a source migration	retained_unchanged	vendor/etc/ipsec/ipsec.d/cacerts/GeoTrust_PCA_G3_Root.der	retained vendor payload
RETAIN-DATA	configuration_or_resource	vowifi	data	vendor/etc/ipsec/ipsec.d/cacerts/GeoTrust_Primary_CA.der	vendor/etc/ipsec/ipsec.d/cacerts/GeoTrust_Primary_CA.der	37d51006c512eaab626421f1ec8c92013fc5f82ae98ee533eb4619b8deb4d06c	Init, configuration, certificates, or tuning data; retain board/carrier values unless paired with a source migration	retained_unchanged	vendor/etc/ipsec/ipsec.d/cacerts/GeoTrust_Primary_CA.der	retained vendor payload
RETAIN-DATA	configuration_or_resource	vowifi	data	vendor/etc/ipsec/ipsec.d/cacerts/GeoTrust_Primary_CA_G2_ECC.der	vendor/etc/ipsec/ipsec.d/cacerts/GeoTrust_Primary_CA_G2_ECC.der	5edb7ac43b82a06a8761e8d7be4979ebf2611f7dd79bf91c1c6b566a219ed766	Init, configuration, certificates, or tuning data; retain board/carrier values unless paired with a source migration	retained_unchanged	vendor/etc/ipsec/ipsec.d/cacerts/GeoTrust_Primary_CA_G2_ECC.der	retained vendor payload
RETAIN-DATA	configuration_or_resource	vowifi	data	vendor/etc/ipsec/ipsec.d/cacerts/VeriSignClass3G4.der	vendor/etc/ipsec/ipsec.d/cacerts/VeriSignClass3G4.der	53dfdfa4e297fcfe07594e8c62d5b8ab06b32c7549f38a163094fd6429d5da43	Init, configuration, certificates, or tuning data; retain board/carrier values unless paired with a source migration	retained_unchanged	vendor/etc/ipsec/ipsec.d/cacerts/VeriSignClass3G4.der	retained vendor payload
RETAIN-DATA	configuration_or_resource	vowifi	data	vendor/etc/ipsec/ipsec.d/cacerts/VeriSignClass3G5.der	vendor/etc/ipsec/ipsec.d/cacerts/VeriSignClass3G5.der	9acfab7e43c8d880d06b262a94deeee4b4659989c3d0caf19baf6405e41ab7df	Init, configuration, certificates, or tuning data; retain board/carrier values unless paired with a source migration	retained_unchanged	vendor/etc/ipsec/ipsec.d/cacerts/VeriSignClass3G5.der	retained vendor payload
RETAIN-DATA	configuration_or_resource	vowifi	data	vendor/etc/ipsec/ipsec.d/cacerts/VeriSignUniversalRootCertification.der	vendor/etc/ipsec/ipsec.d/cacerts/VeriSignUniversalRootCertification.der	2399561127a57125de8cefea610ddf2fa078b5c8067f4e828290bfb860e84b3c	Init, configuration, certificates, or tuning data; retain board/carrier values unless paired with a source migration	retained_unchanged	vendor/etc/ipsec/ipsec.d/cacerts/VeriSignUniversalRootCertification.der	retained vendor payload
RETAIN-DATA	configuration_or_resource	vowifi	data	vendor/etc/ipsec/ipsec.d/cacerts/gold.cer	vendor/etc/ipsec/ipsec.d/cacerts/gold.cer	40f60f2e2f83fb6c63ddefeba7939a7852b2d468183ea939cc4dcac8fe4cc87d	Init, configuration, certificates, or tuning data; retain board/carrier values unless paired with a source migration	retained_unchanged	vendor/etc/ipsec/ipsec.d/cacerts/gold.cer	retained vendor payload
RETAIN-DATA	configuration_or_resource	vowifi	data	vendor/etc/ipsec/ipsec.d/cacerts/thawte.der	vendor/etc/ipsec/ipsec.d/cacerts/thawte.der	8d722f81a9c113c0791df136a2966db26c950a971db46b4199f4ea54b78bfb9f	Init, configuration, certificates, or tuning data; retain board/carrier values unless paired with a source migration	retained_unchanged	vendor/etc/ipsec/ipsec.d/cacerts/thawte.der	retained vendor payload
RETAIN-DATA	configuration_or_resource	media	data	vendor/etc/media_codecs_mediatek_video.xml	vendor/etc/media_codecs_mediatek_video.xml	65eeec8c845184ccc2d24e5fc15770e5bcd495b83045ef71efb23e9d03c9b150	Init, configuration, certificates, or tuning data; retain board/carrier values unless paired with a source migration	retained_unchanged	vendor/etc/media_codecs_mediatek_video.xml	retained vendor payload
RETAIN-DATA	configuration_or_resource	media	data	vendor/etc/media_codecs_performance.xml	vendor/etc/media_codecs_performance.xml	319e385e444d08f649f16c97eab8608bb89d5a5d55e87536af89975d547550d9	Init, configuration, certificates, or tuning data; retain board/carrier values unless paired with a source migration	retained_unchanged	vendor/etc/media_codecs_performance.xml	retained vendor payload
RETAIN-ELF	matching_source_unknown	media	32	vendor/lib/libMtkOmxCore.so	vendor/lib/libMtkOmxCore.so	48f37a722850e21386b8c4eec02f3266c2306106350eb7b537b96f986dabdee0	No matching source implementation established in this bounded inventory; see family discussion	retained_unchanged	vendor/lib/libMtkOmxCore.so	retained vendor payload
SR19	source_functional_alternative	media	32	vendor/lib/libMtkOmxMp3Dec.so	vendor/lib/libMtkOmxMp3Dec.so	e338c7c8b109f45d8c42a95bae56ddb4a08ec92fb24967a62b504da749fad11c	AOSP/Codec2 MP3 decoder already present; codec name/ranking changes	retained_unchanged	vendor/lib/libMtkOmxMp3Dec.so	retained vendor payload
RETAIN-ELF	matching_source_unknown	media	32	vendor/lib/libMtkOmxVdecEx.so	vendor/lib/libMtkOmxVdecEx.so	efe599375516b8b1818ca328a581f75a5cd38f23329e3857168acd3c406f636d	No matching source implementation established in this bounded inventory; see family discussion	retained_unchanged	vendor/lib/libMtkOmxVdecEx.so	retained vendor payload
RETAIN-ELF	matching_source_unknown	media	32	vendor/lib/libMtkOmxVenc.so	vendor/lib/libMtkOmxVenc.so	69b01127eb4c8df5d74455d30a2521ee7ddd205165965e6d9d086dc481604673	No matching source implementation established in this bounded inventory; see family discussion	retained_unchanged	vendor/lib/libMtkOmxVenc.so	retained vendor payload
RETAIN-ELF	matching_source_unknown	media	32	vendor/lib/libmp4enc_sa.ca7.so	vendor/lib/libmp4enc_sa.ca7.so	060d731d178915b9669e642078bf14d9b47caf6d822d109f51250f22555dfc95	No matching source implementation established in this bounded inventory; see family discussion	retained_unchanged	vendor/lib/libmp4enc_sa.ca7.so	retained vendor payload
SR21	public_stub_not_equivalent	media	32	vendor/lib/libpowerhalwrap_vendor.so	vendor/lib/libpowerhalwrap_vendor.so	45349ce65054a330d130052755dae1d641afc90973f88978151dfff023c3e177	LineageOS MTK public stubs omit diagnostic or performance behavior	retained_unchanged	vendor/lib/libpowerhalwrap_vendor.so	retained vendor payload
RETAIN-ELF	matching_source_unknown	media	32	vendor/lib/libstagefrighthw.so	vendor/lib/libstagefrighthw.so	fcdc66df322daa6e2edf727ad54317600d62eda11d52457c93fe30828dab85db	No matching source implementation established in this bounded inventory; see family discussion	retained_unchanged	vendor/lib/libstagefrighthw.so	retained vendor payload
RETAIN-ELF	matching_source_unknown	media	32	vendor/lib/libvcodec_oal.so	vendor/lib/libvcodec_oal.so	a1ed9e18029e7373c89202eb23510e458c8e33cee833cacf6cdbc2a63ca4a3b5	No matching source implementation established in this bounded inventory; see family discussion	retained_unchanged	vendor/lib/libvcodec_oal.so	retained vendor payload
RETAIN-ELF	matching_source_unknown	media	32	vendor/lib/libvcodec_utility.so	vendor/lib/libvcodec_utility.so	33637f56e323f05b6245eb065e2b2f37f4a8046db0c9d8ee48a29891a282170c	No matching source implementation established in this bounded inventory; see family discussion	retained_unchanged	vendor/lib/libvcodec_utility.so	retained vendor payload
RETAIN-ELF	matching_source_unknown	media	32	vendor/lib/libvcodecdrv.so	vendor/lib/libvcodecdrv.so	22b29804fd48c45189fec76ea14c9a8830b5ca8073a05247e42affdec5d6197f	No matching source implementation established in this bounded inventory; see family discussion	retained_unchanged	vendor/lib/libvcodecdrv.so	retained vendor payload
RETAIN-ELF	matching_source_unknown	media	32	vendor/lib/libvc1dec_sa.ca7.so	vendor/lib/libvc1dec_sa.ca7.so	939f3380858174db69e935212a08b93eae2b411b7c92d5115be3e5bcdb17bdd8	No matching source implementation established in this bounded inventory; see family discussion	retained_unchanged	vendor/lib/libvc1dec_sa.ca7.so	retained vendor payload
RETAIN-ELF	matching_source_unknown	media	32	vendor/lib/libvp8dec_sa.ca7.so	vendor/lib/libvp8dec_sa.ca7.so	23839942006e0ee45e79f7c2921b59657032a7bee111361d479d3ab886d20713	No matching source implementation established in this bounded inventory; see family discussion	retained_unchanged	vendor/lib/libvp8dec_sa.ca7.so	retained vendor payload
RETAIN-ELF	matching_source_unknown	media	32	vendor/lib/libvp8enc_sa.ca7.so	vendor/lib/libvp8enc_sa.ca7.so	b9fc9550ca358c7c4d03645082b1a39496e3942a4697053efb739d0008ddf6ed	No matching source implementation established in this bounded inventory; see family discussion	retained_unchanged	vendor/lib/libvp8enc_sa.ca7.so	retained vendor payload
RETAIN-ELF	matching_source_unknown	media	32	vendor/lib/libvp9dec_sa.ca7.so	vendor/lib/libvp9dec_sa.ca7.so	6a6ad9a9332022c1dbccdb29a8b74b974af5d9ece79bb09b842d686917337c85	No matching source implementation established in this bounded inventory; see family discussion	retained_unchanged	vendor/lib/libvp9dec_sa.ca7.so	retained vendor payload
RETAIN-ELF	matching_source_unknown	drm	32	vendor/lib/mediadrm/libwvdrmengine.so	vendor/lib/mediadrm/libwvdrmengine.so	365dc743406008835b5ee908cc7f45dad3c1340b761a61fa494a8ea869662781	No matching source implementation established in this bounded inventory; see family discussion	retained_unchanged	vendor/lib/mediadrm/libwvdrmengine.so	retained vendor payload
RETAIN-ELF	matching_source_unknown	drm	64	vendor/lib64/mediadrm/libwvdrmengine.so	vendor/lib64/mediadrm/libwvdrmengine.so	e7ad2acb0b4f4f7150fe58f9ac8d88ce7860bc2dcf09a6bd518682bede35b5bf	No matching source implementation established in this bounded inventory; see family discussion	retained_unchanged	vendor/lib64/mediadrm/libwvdrmengine.so	retained vendor payload
