  GEN     ./Makefile
scripts/kconfig/conf --silentoldconfig Kconfig
drivers/input/touchscreen/mediatek/GT1151/Kconfig:4:warning: ignoring type redefinition of 'TOUCHSCREEN_MTK_GT1151' from 'boolean' to 'tristate'
drivers/input/touchscreen/mediatek/nt36672/Kconfig:6:warning: ignoring type redefinition of 'TOUCHSCREEN_NT36xxx' from 'tristate' to 'boolean'
drivers/input/touchscreen/mediatek/nt36672/Kconfig:6:warning: ignoring type redefinition of 'TOUCHSCREEN_NT36xxx' from 'tristate' to 'boolean'
drivers/input/touchscreen/mediatek/NT36xxx/Kconfig:6:warning: ignoring type redefinition of 'TOUCHSCREEN_NT36xxx' from 'tristate' to 'boolean'
drivers/nfc/samsung/Kconfig:23:warning: choice value used outside its choice group
drivers/nfc/samsung/Kconfig:25:warning: choice value used outside its choice group
drivers/nfc/samsung/Kconfig:32:warning: choice value used outside its choice group
drivers/nfc/samsung/Kconfig:34:warning: choice value used outside its choice group
drivers/nfc/samsung/Kconfig:36:warning: choice value used outside its choice group
  CHK     include/config/kernel.release
  UPD     include/config/kernel.release
  GEN     ./Makefile
  WRAP    arch/arm64/include/generated/asm/bug.h
  WRAP    arch/arm64/include/generated/asm/bugs.h
  WRAP    arch/arm64/include/generated/asm/checksum.h
  WRAP    arch/arm64/include/generated/asm/cputime.h
  WRAP    arch/arm64/include/generated/asm/current.h
  WRAP    arch/arm64/include/generated/asm/clkdev.h
  WRAP    arch/arm64/include/generated/asm/delay.h
  WRAP    arch/arm64/include/generated/asm/div64.h
  WRAP    arch/arm64/include/generated/asm/dma.h
  WRAP    arch/arm64/include/generated/asm/dma-contiguous.h
  WRAP    arch/arm64/include/generated/asm/early_ioremap.h
  WRAP    arch/arm64/include/generated/asm/emergency-restart.h
  WRAP    arch/arm64/include/generated/asm/errno.h
  WRAP    arch/arm64/include/generated/asm/ftrace.h
  WRAP    arch/arm64/include/generated/asm/hash.h
  WRAP    arch/arm64/include/generated/asm/hw_irq.h
  WRAP    arch/arm64/include/generated/asm/ioctl.h
  WRAP    arch/arm64/include/generated/asm/ioctls.h
  WRAP    arch/arm64/include/generated/asm/ipcbuf.h
  WRAP    arch/arm64/include/generated/asm/irq_regs.h
  WRAP    arch/arm64/include/generated/asm/kdebug.h
  WRAP    arch/arm64/include/generated/asm/kmap_types.h
  WRAP    arch/arm64/include/generated/asm/kvm_para.h
  WRAP    arch/arm64/include/generated/asm/local.h
  WRAP    arch/arm64/include/generated/asm/local64.h
  WRAP    arch/arm64/include/generated/asm/mcs_spinlock.h
  WRAP    arch/arm64/include/generated/asm/mman.h
  WRAP    arch/arm64/include/generated/asm/msgbuf.h
  WRAP    arch/arm64/include/generated/asm/mutex.h
  WRAP    arch/arm64/include/generated/asm/pci.h
  WRAP    arch/arm64/include/generated/asm/pci-bridge.h
  WRAP    arch/arm64/include/generated/asm/poll.h
  WRAP    arch/arm64/include/generated/asm/preempt.h
  WRAP    arch/arm64/include/generated/asm/resource.h
  WRAP    arch/arm64/include/generated/asm/rwsem.h
  WRAP    arch/arm64/include/generated/asm/scatterlist.h
  WRAP    arch/arm64/include/generated/asm/sections.h
  WRAP    arch/arm64/include/generated/asm/segment.h
  WRAP    arch/arm64/include/generated/asm/sembuf.h
  WRAP    arch/arm64/include/generated/asm/serial.h
  WRAP    arch/arm64/include/generated/asm/shmbuf.h
  WRAP    arch/arm64/include/generated/asm/simd.h
  WRAP    arch/arm64/include/generated/asm/sizes.h
  WRAP    arch/arm64/include/generated/asm/socket.h
  WRAP    arch/arm64/include/generated/asm/sockios.h
  WRAP    arch/arm64/include/generated/asm/swab.h
  WRAP    arch/arm64/include/generated/asm/switch_to.h
  WRAP    arch/arm64/include/generated/asm/termbits.h
  WRAP    arch/arm64/include/generated/asm/termios.h
  WRAP    arch/arm64/include/generated/asm/topology.h
  WRAP    arch/arm64/include/generated/asm/trace_clock.h
  WRAP    arch/arm64/include/generated/asm/types.h
  WRAP    arch/arm64/include/generated/asm/unaligned.h
  WRAP    arch/arm64/include/generated/asm/user.h
  WRAP    arch/arm64/include/generated/asm/vga.h
  WRAP    arch/arm64/include/generated/asm/xor.h
  CHK     include/generated/uapi/linux/version.h
  UPD     include/generated/uapi/linux/version.h
  WRAP    arch/arm64/include/generated/uapi/asm/kvm_para.h
  CHK     include/generated/utsrelease.h
  UPD     include/generated/utsrelease.h
  HOSTCC  scripts/basic/fixdep
  HOSTCC  scripts/basic/bin2c
MTK GPU +=gpu/ here
grep: warning: stray \ before #
  Using /home/desmond/Downloads/k50sv1_64_bsp/work/.capture-staging/f2fs-assessment-20260905/kernel as source for kernel
  HOSTCC  scripts/dtc/dtc.o
  HOSTCC  scripts/genksyms/genksyms.o
  HOSTCC  scripts/dtc/flattree.o
  HOSTCC  scripts/dtc/fstree.o
  HOSTCC  scripts/kallsyms
  CC      scripts/mod/empty.o
  HOSTCC  scripts/pnmtologo
  HOSTCC  scripts/mod/mk_elfconfig
  CC      scripts/mod/devicetable-offsets.s
  HOSTCC  scripts/dtc/data.o
  HOSTCC  scripts/dtc/livetree.o
  SHIPPED scripts/genksyms/parse.tab.c
  HOSTCC  scripts/dtc/treesource.o
  HOSTCC  scripts/dtc/srcpos.o
  SHIPPED scripts/genksyms/lex.lex.c
  HOSTCC  scripts/dtc/checks.o
  SHIPPED scripts/genksyms/keywords.hash.c
  HOSTCC  scripts/sortextable
  HOSTCC  scripts/asn1_compiler
  HOSTCC  scripts/selinux/mdp/mdp
  HOSTCC  scripts/selinux/genheaders/genheaders
  CC      kernel/bounds.s
  HOSTCC  scripts/dtc/util.o
  SHIPPED scripts/genksyms/parse.tab.h
  SHIPPED scripts/dtc/dtc-lexer.lex.c
  SHIPPED scripts/dtc/dtc-parser.tab.h
  SHIPPED scripts/dtc/dtc-parser.tab.c
  HOSTCC  scripts/genksyms/parse.tab.o
  HOSTCC  scripts/dtc/dtc-lexer.lex.o
  GEN     scripts/mod/devicetable-offsets.h
  HOSTCC  scripts/genksyms/lex.lex.o
  HOSTCC  scripts/dtc/dtc-parser.tab.o
  GEN     include/generated/bounds.h
  MKELF   scripts/mod/elfconfig.h
  CC      arch/arm64/kernel/asm-offsets.s
  HOSTCC  scripts/mod/modpost.o
  HOSTCC  scripts/mod/file2alias.o
  HOSTCC  scripts/mod/sumversion.o
*MTK_GPU_VERSION 1 = mali
/home/desmond/Downloads/k50sv1_64_bsp/work/.capture-staging/f2fs-assessment-20260905/kernel/scripts/mod/modpost.c: In function ‘match’:
/home/desmond/Downloads/k50sv1_64_bsp/work/.capture-staging/f2fs-assessment-20260905/kernel/scripts/mod/modpost.c:792:30: warning: assignment discards ‘const’ qualifier from pointer target type [-Wdiscarded-qualifiers]
  792 |                         here = strstr(sym, bare);
      |                              ^
mali MTK evironment
mali MTK evironment
mali MTK evironment
  GEN     include/generated/asm-offsets.h
  CALL    /home/desmond/Downloads/k50sv1_64_bsp/work/.capture-staging/f2fs-assessment-20260905/kernel/scripts/checksyscalls.sh
  HOSTLD  scripts/dtc/dtc
  HOSTLD  scripts/genksyms/genksyms
  HOSTLD  scripts/mod/modpost
  LDS     arch/arm64/kernel/vdso/vdso.lds
  VDSOA   arch/arm64/kernel/vdso/gettimeofday.o
  VDSOA   arch/arm64/kernel/vdso/note.o
  VDSOA   arch/arm64/kernel/vdso/sigreturn.o
  VDSOL   arch/arm64/kernel/vdso/vdso.so.dbg
  VDSOSYM include/generated/vdso-offsets.h
  HOSTCC  usr/gen_init_cpio
  CHK     include/generated/compile.h
  CC      init/main.o
  CC      init/do_mounts.o
  CC      init/do_mounts_rd.o
  CC      init/do_mounts_initrd.o
  CC      init/do_mounts_md.o
  CC      init/do_mounts_dm.o
  CC      init/noinitramfs.o
  CC      init/initramfs.o
  CC      init/calibrate.o
  CC      init/init_task.o
  LD      arch/arm64/net/built-in.o
  UPD     include/generated/compile.h
  CC      init/version.o
  CC      arch/arm64/mm/dma-mapping.o
  CC      arch/arm64/mm/extable.o
  CC      arch/arm64/mm/fault.o
  CC      arch/arm64/mm/init.o
  AS      arch/arm64/mm/cache.o
  CC      arch/arm64/mm/copypage.o
  CC      arch/arm64/crypto/sha2-ce-glue.o
  CC      arch/arm64/mm/flush.o
  AS      arch/arm64/crypto/sha2-ce-core.o
  CC      arch/arm64/mm/ioremap.o
  CC      arch/arm64/crypto/aes-ce-cipher.o
  CC      arch/arm64/mm/mmap.o
  CC      arch/arm64/crypto/aes-glue-ce.o
  CC      arch/arm64/mm/pgd.o
  AS      arch/arm64/crypto/aes-ce.o
  CC      arch/arm64/mm/mmu.o
  CC      arch/arm64/mm/context.o
  AS      arch/arm64/mm/proc.o
  CC      arch/arm64/kernel/debug-monitors.o
  AS      arch/arm64/kernel/entry.o
  CC      arch/arm64/kernel/irq.o
  CC      arch/arm64/kernel/fpsimd.o
  LD      ipc/built-in.o
  AS      arch/arm64/kernel/entry-fpsimd.o
  GEN     usr/initramfs_data.cpio.gz
  CC      arch/arm64/mm/pageattr.o
  CC      mm/filemap.o
  CC      arch/arm64/kernel/process.o
  CC      arch/arm64/kernel/ptrace.o
  AS      arch/arm64/mm/mt_cache_v8.o
  CC      arch/arm64/mm/mt_innercache.o
  AS      usr/initramfs_data.o
  CC      arch/arm64/kernel/setup.o
  CC      kernel/fork.o
  CC      fs/open.o
  CC      mm/mempool.o
  LD      usr/built-in.o
  CC      security/integrity/iint.o
  CC      kernel/exec_domain.o
  CC      kernel/panic.o
  CC      security/integrity/integrity_audit.o
  CC      kernel/cpu.o
  CC      mm/oom_kill.o
  CC      security/commoncap.o
  LD      arch/arm64/crypto/sha2-ce.o
  CC      security/keys/gc.o
  CC      kernel/exit.o
  CC      security/keys/key.o
  LD      arch/arm64/crypto/aes-ce-blk.o
  LD      arch/arm64/crypto/built-in.o
  GEN     security/selinux/flask.h security/selinux/av_permissions.h
  CC      security/keys/keyring.o
  CC      security/min_addr.o
  CC      security/selinux/avc.o
  CC      security/security.o
  CC      arch/arm64/kernel/signal.o
  CC      security/keys/keyctl.o
MTK GPU +=gpu/ here
  CC      fs/read_write.o
  CC      mm/maccess.o
  CC      block/bio.o
  CC      kernel/softirq.o
  CC      kernel/resource.o
  LD      security/integrity/integrity.o
  LD      security/integrity/built-in.o
  CC      security/keys/permission.o
  LD      init/mounts.o
  CC      fs/file_table.o
  CC      mm/page_alloc.o
  CC      security/selinux/hooks.o
  CC      mm/page-writeback.o
  LD      arch/arm64/mm/built-in.o
  CC      block/elevator.o
  CC      crypto/api.o
  CC      security/selinux/selinuxfs.o
  CC      crypto/cipher.o
  CC      drivers/amba/bus.o
  LD      init/built-in.o
  CC      security/selinux/netlink.o
  CC      security/selinux/nlmsgtab.o
  CC      arch/arm64/kernel/sys.o
  LD      firmware/built-in.o
  CC      arch/arm64/kernel/stacktrace.o
  CC      block/blk-core.o
  CC      security/keys/process_keys.o
  CC      sound/sound_core.o
  CC      arch/arm64/kernel/time.o
  CC      security/selinux/netif.o
  CC      security/selinux/netnode.o
  CC      sound/sound_firmware.o
  LD      sound/arm/built-in.o
  CC      block/blk-tag.o
  CC      kernel/sysctl.o
  CC      kernel/sysctl_binary.o
  LD      sound/atmel/built-in.o
  CC      block/blk-sysfs.o
  CC      fs/super.o
  CC      security/selinux/netport.o
  LD      arch/arm64/lib/built-in.o
  CC      net/socket.o
  CC      security/selinux/exports.o
  AS      arch/arm64/lib/bitops.o
  CC      security/capability.o
  CC      net/802/p8022.o
  AS      arch/arm64/lib/clear_page.o
  LD      drivers/amba/built-in.o
  CC      crypto/compress.o
  LD      drivers/auxdisplay/built-in.o
  AS      arch/arm64/lib/clear_user.o
  CC      net/802/psnap.o
  CC      security/keys/request_key.o
  CC      arch/arm64/kernel/traps.o
  AS      arch/arm64/lib/copy_from_user.o
  CC      drivers/block/brd.o
  CC      drivers/block/loop.o
  CC      drivers/base/component.o
  AS      arch/arm64/lib/copy_in_user.o
  CC      drivers/base/core.o
  CC      drivers/base/bus.o
  CC      net/8021q/vlan_core.o
  CC      mm/readahead.o
  CC      net/802/stp.o
  CC      crypto/memneq.o
  LD      drivers/bus/built-in.o
  AS      arch/arm64/lib/copy_page.o
  CC      security/keys/request_key_auth.o
  CC      fs/char_dev.o
  CC      kernel/capability.o
  AS      arch/arm64/lib/copy_to_user.o
  CC      crypto/crypto_wq.o
  CC      sound/core/sound.o
  CC      security/keys/user_defined.o
  LD      sound/drivers/mpu401/built-in.o
  CC      mm/swap.o
  LD      sound/drivers/opl3/built-in.o
  CC      lib/lockref.o
  CC      arch/arm64/lib/delay.o
  CC      lib/bcd.o
  LD      sound/drivers/opl4/built-in.o
  LD      sound/drivers/pcsp/built-in.o
  CC      net/8021q/vlan.o
  LD      sound/drivers/vx/built-in.o
  LD      sound/drivers/built-in.o
  CC      fs/exec.o
  CC      fs/stat.o
  CC      arch/arm64/kernel/io.o
  CC      net/8021q/vlan_dev.o
  LD      sound/firewire/built-in.o
  CC      security/lsm_audit.o
  CC      security/keys/compat.o
  CC      crypto/algapi.o
  CC      lib/div64.o
  CC      kernel/ptrace.o
  CC      block/blk-flush.o
  CC      crypto/scatterwalk.o
  CC      drivers/base/dd.o
  AS      arch/arm64/lib/memchr.o
  CC      crypto/proc.o
  CC      mm/truncate.o
  AS      arch/arm64/lib/memcmp.o
  CC      lib/sort.o
  LD      net/802/built-in.o
  CC      sound/core/init.o
  LD      drivers/cdrom/built-in.o
  CC      drivers/base/syscore.o
  CC      crypto/aead.o
  CC      arch/arm64/kernel/vdso.o
  CC      kernel/user.o
  CC      crypto/ablkcipher.o
  CC      kernel/signal.o
  CC      security/keys/proc.o
  CC      drivers/char/mem.o
  AS      arch/arm64/lib/memcpy.o
  CC      security/selinux/ss/ebitmap.o
  AS      arch/arm64/lib/memmove.o
  CC      mm/vmscan.o
  AS      arch/arm64/lib/memset.o
  AS      arch/arm64/lib/strchr.o
  CC      lib/parser.o
  CC      security/keys/sysctl.o
  CC      lib/halfmd4.o
  AS      arch/arm64/lib/strcmp.o
  CC      net/8021q/vlan_netlink.o
  CC      drivers/char/random.o
  CC      block/blk-settings.o
  CC      drivers/clk/clk-devres.o
  AS      arch/arm64/kernel/hyp-stub.o
  CC      drivers/char/misc.o
  AS      arch/arm64/lib/strlen.o
  CC      drivers/base/driver.o
  CC      mm/shmem.o
  CC      arch/arm64/kernel/psci.o
  CC      drivers/block/zram/zcomp_lzo.o
  CC      fs/pipe.o
  CC      security/keys/encrypted-keys/encrypted.o
  AS      arch/arm64/lib/strncmp.o
  CC      crypto/blkcipher.o
  CC      mm/util.o
  CC      drivers/clocksource/clksrc-of.o
  CC      kernel/sys.o
  AS      arch/arm64/lib/strnlen.o
  CC      drivers/cpufreq/cpufreq.o
  CC      lib/debug_locks.o
  CC      drivers/cpufreq/freq_table.o
  AS      arch/arm64/lib/strrchr.o
  CC      net/8021q/vlanproc.o
  CC      drivers/block/zram/zcomp.o
  CC      drivers/block/zram/zram_drv.o
  CC      crypto/chainiv.o
  CC      security/selinux/ss/hashtab.o
  CC      security/selinux/ss/symtab.o
  AR      arch/arm64/lib/lib.a
  CC      drivers/clocksource/mmio.o
  CC      drivers/block/zram/zcomp_lz4.o
  CC      sound/core/memory.o
  CC      lib/random32.o
  CC      arch/arm64/kernel/cpu_ops.o
  CC      crypto/eseqiv.o
  CC      drivers/cpuidle/cpuidle.o
  CC      drivers/clk/clkdev.o
  CC      lib/bust_spinlocks.o
  CC      drivers/cpufreq/cpufreq_stats.o
  CC      drivers/cpuidle/driver.o
  CC      drivers/base/class.o
  CC      arch/arm64/kernel/insn.o
  CC      arch/arm64/kernel/return_address.o
  CC      drivers/clocksource/mtk_timer.o
  CC      kernel/kmod.o
  CC      arch/arm64/kernel/cpuinfo.o
  CC      block/blk-ioc.o
  LD      drivers/crypto/built-in.o
  CC      security/selinux/ss/sidtab.o
  CC      fs/namei.o
  CC      drivers/cpuidle/governor.o
  CC      fs/fcntl.o
  CC      drivers/cpufreq/cpufreq_performance.o
  CC      drivers/clk/clk.o
  LD      net/8021q/8021q.o
  LD      net/8021q/built-in.o
  CC      security/selinux/ss/avtab.o
  CC      lib/hexdump.o
  CC      security/keys/encrypted-keys/ecryptfs_format.o
  CC      sound/core/info.o
  CC      drivers/cpuidle/sysfs.o
  CC      drivers/clocksource/arm_arch_timer.o
  CC      kernel/workqueue.o
  CC      net/bridge/br.o
  CC      security/selinux/ss/policydb.o
  CC      security/selinux/ss/services.o
  CC      kernel/pid.o
  CC      crypto/seqiv.o
  CC      drivers/base/platform.o
  LD      sound/i2c/other/built-in.o
  LD      sound/i2c/built-in.o
  CC      sound/core/control.o
  CC      drivers/cpufreq/cpufreq_powersave.o
  LD      drivers/block/zram/zram.o
  LD      drivers/block/zram/built-in.o
  LD      drivers/block/built-in.o
  CC      arch/arm64/kernel/cpu_errata.o
  CC      lib/kasprintf.o
  CC      lib/bitmap.o
  CC      crypto/ahash.o
  CC      net/bridge/br_device.o
  CC      crypto/shash.o
  LD      security/keys/encrypted-keys/encrypted-keys.o
  LD      security/keys/encrypted-keys/built-in.o
  CC      block/blk-map.o
  LD      security/keys/built-in.o
  CC      lib/scatterlist.o
  CC      block/blk-exec.o
  LD      drivers/char/agp/built-in.o
  CC      drivers/cpuidle/governors/mtk_governor.o
  LD      drivers/char/built-in.o
  CC      drivers/base/cpu.o
  CC      block/blk-merge.o
  CC      lib/gcd.o
  CC      arch/arm64/kernel/cpufeature.o
  CC      mm/mmzone.o
  CC      net/bridge/br_fdb.o
  CC      arch/arm64/kernel/alternative.o
  CC      lib/lcm.o
  CC      drivers/clocksource/dummy_timer.o
  CC      crypto/pcompress.o
  CC      drivers/base/firmware.o
  CC      sound/core/misc.o
  CC      drivers/cpufreq/cpufreq_userspace.o
  CC      drivers/dma-buf/dma-buf.o
  CC      fs/ioctl.o
  LD      drivers/cpuidle/governors/built-in.o
  AS      arch/arm64/kernel/psci-call.o
  CC      drivers/cpuidle/dt_idle_states.o
  CC      lib/list_sort.o
  CC      mm/vmstat.o
  CC      fs/readdir.o
  CC      drivers/dma-buf/fence.o
  LD      sound/isa/ad1816a/built-in.o
  LD      drivers/clocksource/built-in.o
  CC      drivers/dma-buf/seqno-fence.o
  CC      drivers/dma-buf/reservation.o
  LD      sound/isa/ad1848/built-in.o
  CC      lib/uuid.o
  LD      sound/isa/cs423x/built-in.o
  LD      sound/isa/es1688/built-in.o
  CC      drivers/cpufreq/cpufreq_ondemand.o
  CC      crypto/algboss.o
  CC      lib/flex_array.o
  LD      sound/isa/galaxy/built-in.o
  CC      mm/backing-dev.o
  LD      sound/isa/gus/built-in.o
  CC      security/selinux/ss/conditional.o
  CC      net/core/sock.o
  LD      sound/isa/msnd/built-in.o
  CC      net/core/request_sock.o
  LD      sound/isa/opti9xx/built-in.o
  CC      security/selinux/ss/mls.o
  LD      sound/isa/sb/built-in.o
  CC      net/ethernet/eth.o
  CC      drivers/clk/clk-divider.o
  CC      drivers/base/init.o
  CC      drivers/cpuidle/cpuidle-mt67xx_v2.o
  LD      sound/isa/wavefront/built-in.o
  CC      arch/arm64/kernel/smp.o
  LD      sound/isa/wss/built-in.o
  CC      drivers/clk/clk-fixed-factor.o
  LD      sound/mips/built-in.o
  CC      lib/iovec.o
  LD      sound/isa/built-in.o
  CC      drivers/cpufreq/cpufreq_interactive.o
  CC      net/bridge/br_forward.o
  CC      mm/mm_init.o
  CC      crypto/testmgr.o
  CC      block/blk-softirq.o
  CC      drivers/base/map.o
  LD      drivers/firmware/built-in.o
  LD      drivers/firewire/built-in.o
  LD      drivers/cpuidle/built-in.o
  LD      sound/oss/built-in.o
  LD      sound/parisc/built-in.o
  CC      net/key/af_key.o
  CC      net/bridge/br_if.o
  CC      net/bridge/br_input.o
  CC      sound/core/device.o
  CC      net/llc/llc_core.o
  CC      crypto/hmac.o
  CC      net/bridge/br_ioctl.o
  CC      lib/clz_ctz.o
  CC      kernel/task_work.o
  CC      drivers/gpio/devres.o
  LD      drivers/dma-buf/built-in.o
  CC      drivers/gpio/gpiolib.o
  CC      net/ipv4/route.o
  CC      kernel/extable.o
  CC      drivers/clk/clk-fixed-rate.o
  CC      mm/mmu_context.o
  CC      net/ipv6/af_inet6.o
  CC      lib/bsearch.o
  CC      drivers/base/devres.o
  CC      drivers/clk/clk-gate.o
  CC      security/selinux/ss/status.o
  CC      arch/arm64/kernel/smp_spin_table.o
  CC      drivers/base/attribute_container.o
  CC      crypto/xcbc.o
  CC      lib/find_last_bit.o
  CC      drivers/clk/clk-mux.o
  CC      block/blk-timeout.o
  CC      crypto/crypto_null.o
  LD      drivers/gpu/drm/bridge/built-in.o
grep: warning: stray \ before #
  CC      fs/select.o
  LD      drivers/gpu/arm/mali/built-in.o
  LD      net/ethernet/built-in.o
  CC      crypto/md5.o
  LD      drivers/gpu/arm/built-in.o
  LD      drivers/gpu/drm/i2c/built-in.o
  CC      sound/core/sound_oss.o
  CC      kernel/params.o
  CC      net/bridge/br_stp.o
  LD      drivers/gpu/drm/panel/built-in.o
  CC      sound/core/info_oss.o
  LD      drivers/gpu/drm/built-in.o
  CC      arch/arm64/kernel/topology.o
  CC      mm/percpu.o
  AS      arch/arm64/kernel/sys32.o
  CC      lib/find_next_bit.o
  LD      drivers/gpu/vga/built-in.o
  CC      crypto/sha1_generic.o
  CC      net/ipv4/inetpeer.o
  LD      drivers/gpu/built-in.o
  CC      drivers/base/transport_class.o
  CC      block/blk-iopoll.o
  CC      net/core/skbuff.o
  CC      drivers/gpio/gpiolib-legacy.o
  CC      net/llc/llc_input.o
  CC      drivers/cpufreq/cpufreq_governor.o
  LD      security/selinux/selinux.o
  CC      mm/slab_common.o
  CC      net/ipv4/protocol.o
  LD      security/selinux/built-in.o
  CC      lib/llist.o
  CC      net/bridge/br_stp_bpdu.o
  CC      net/core/iovec.o
  CC      net/netfilter/core.o
  LD      security/built-in.o
  CC      drivers/clk/clk-composite.o
  CC      kernel/kthread.o
  CC      net/netfilter/nf_log.o
  CC      block/blk-lib.o
  CC      drivers/clk/clk-fractional-divider.o
  CC      sound/core/jack.o
  CC      net/netlink/af_netlink.o
  CC      lib/memweight.o
  CC      net/ipv6/anycast.o
  CC      drivers/base/topology.o
  CC      block/blk-mq.o
  CC      crypto/sha256_generic.o
  CC      net/llc/llc_output.o
  CC      net/core/datagram.o
  AS      arch/arm64/kernel/kuser32.o
  LD      drivers/cpufreq/built-in.o
  CC      drivers/gpio/gpiolib-of.o
  CC      net/packet/af_packet.o
  CC      net/netlink/genetlink.o
  CC      net/core/stream.o
  CC      lib/kfifo.o
  CC      arch/arm64/kernel/signal32.o
  CC      net/bridge/br_stp_if.o
  CC      net/sched/sch_generic.o
  LD      net/key/built-in.o
  CC      net/unix/af_unix.o
  CC      drivers/base/container.o
  LD      sound/pci/ac97/built-in.o
  CC      kernel/sys_ni.o
  LD      sound/pci/ali5451/built-in.o
  CC      fs/dcache.o
  CC      net/unix/garbage.o
  CC      sound/core/hwdep.o
  LD      sound/pci/asihpi/built-in.o
  CC      crypto/sha512_generic.o
  CC      drivers/clk/clk-gpio-gate.o
  CC      crypto/gf128mul.o
  CC      net/bridge/br_stp_timer.o
  LD      sound/pci/au88x0/built-in.o
  CC      kernel/nsproxy.o
  CC      net/unix/sysctl_net_unix.o
  LD      sound/pci/aw2/built-in.o
  LD      sound/pci/ca0106/built-in.o
  LD      sound/pci/cs46xx/built-in.o
  LD      sound/pci/cs5535audio/built-in.o
  CC      drivers/clk/clk-conf.o
  LD      sound/pci/ctxfi/built-in.o
  CC      sound/core/timer.o
  LD      sound/pci/echoaudio/built-in.o
  CC      net/ipv6/ip6_output.o
  CC      mm/compaction.o
  CC      drivers/base/property.o
  LD      sound/pci/emu10k1/built-in.o
  CC      net/netfilter/nf_queue.o
  LD      drivers/gpio/built-in.o
  LD      sound/pci/hda/built-in.o
  LD      net/llc/llc.o
  CC      crypto/ecb.o
  LD      net/llc/built-in.o
  CC      sound/core/pcm.o
  LD      sound/pci/ice1712/built-in.o
  CC      net/ipv4/ip_input.o
  LD      sound/pci/korg1212/built-in.o
  CC      lib/percpu-refcount.o
  CC      kernel/notifier.o
  LD      sound/pci/lola/built-in.o
  CC      fs/inode.o
  CC      arch/arm64/kernel/sys_compat.o
  CC      arch/arm64/kernel/../../arm/kernel/opcodes.o
  LD      sound/pci/lx6464es/built-in.o
  CC      crypto/cbc.o
  LD      sound/pci/mixart/built-in.o
  CC      net/bridge/br_netlink.o
  LD      sound/pci/nm256/built-in.o
  LD      drivers/hsi/clients/built-in.o
  LD      sound/pci/oxygen/built-in.o
  CC      drivers/clk/clk-xgene.o
  LD      sound/pci/pcxhr/built-in.o
  CC      mm/vmacache.o
  LD      drivers/hsi/controllers/built-in.o
  LD      sound/pci/riptide/built-in.o
  LD      drivers/hsi/built-in.o
  LD      sound/pci/rme9652/built-in.o
  LD      sound/pci/trident/built-in.o
  CC      net/netfilter/nf_sockopt.o
  CC      lib/percpu_ida.o
  CC      net/compat.o
  LD      sound/pci/vx222/built-in.o
  CC      net/wireless/core.o
  CC      drivers/hid/hid-debug.o
  LD      sound/pci/ymfpci/built-in.o
  CC      net/xfrm/xfrm_policy.o
  LD      sound/pci/built-in.o
  CC      drivers/base/power/sysfs.o
  CC      drivers/hid/hid-core.o
  CC      net/xfrm/xfrm_state.o
  CC      kernel/ksysfs.o
  CC      kernel/cred.o
  CC      sound/core/pcm_native.o
  CC      arch/arm64/kernel/arm64ksyms.o
  CC      net/bridge/br_sysfs_if.o
  CC      crypto/cts.o
  CC      net/sched/sch_mq.o
  CC      fs/attr.o
  CC      drivers/clk/mediatek/clk-mtk-v1.o
  CC      block/blk-mq-tag.o
  CC      drivers/base/power/generic_ops.o
  CC      mm/interval_tree.o
  LD      net/netlink/built-in.o
  CC      lib/hash.o
  CC      net/core/scm.o
  CC      lib/rhashtable.o
  CC      net/netfilter/nfnetlink.o
  CC      net/netfilter/nfnetlink_queue_core.o
  CC      net/ipv4/ip_fragment.o
  CC      drivers/clk/mediatek/clk-pll-v1.o
  CC      net/ipv4/ip_forward.o
  CC      crypto/xts.o
  CC      net/ipv4/ip_options.o
  CC      net/wireless/sysfs.o
  CC      net/core/gen_stats.o
  CC      arch/arm64/kernel/module.o
  CC      drivers/clk/mediatek/clk-gate-v1.o
  CC      net/bridge/br_sysfs_br.o
  CC      net/sched/sch_api.o
  LD      net/unix/unix.o
  CC      net/ipv6/ip6_input.o
  LD      net/unix/built-in.o
  CC      kernel/reboot.o
  CC      drivers/hid/hid-input.o
  CC      net/wireless/radiotap.o
  CC      mm/list_lru.o
  CC      drivers/base/dma-mapping.o
  CC      drivers/base/power/common.o
  CC      fs/bad_inode.o
  CC      drivers/base/regmap/regmap.o
  CC      lib/reciprocal_div.o
  LD      net/packet/built-in.o
  CC      block/blk-mq-sysfs.o
  CC      drivers/clk/mediatek/clk-mux.o
  CC      drivers/i2c/i2c-boardinfo.o
  CC      arch/arm64/kernel/perf_regs.o
  CC      net/core/gen_estimator.o
  CC      lib/string_helpers.o
  CC      drivers/base/power/qos.o
  CC      drivers/base/power/runtime.o
  CC      drivers/base/power/main.o
  CC      mm/workingset.o
  CC      crypto/ctr.o
  CC      net/sched/sch_blackhole.o
  CC      net/sched/cls_api.o
  CC      drivers/i2c/i2c-core.o
  CC      net/ipv4/ip_output.o
  CC      lib/kstrtox.o
  CC      fs/file.o
  CC      net/netfilter/nfnetlink_log.o
  CC      drivers/hid/hidraw.o
  CC      arch/arm64/kernel/perf_event.o
  CC      drivers/clk/mediatek/clk-mt6755.o
  CC      net/netfilter/nf_conntrack_core.o
  LD      drivers/idle/built-in.o
  CC      kernel/async.o
  CC      net/sysctl_net.o
  CC      net/bridge/br_nf_core.o
  LD      drivers/i2c/algos/built-in.o
  CC      block/blk-mq-cpu.o
  CC      block/blk-mq-cpumap.o
  CC      net/ipv6/addrconf.o
  CC      drivers/clk/mediatek/clk-mt6755-pll.o
  CC      net/wireless/util.o
  CC      net/activity_stats.o
  CC      mm/iov_iter.o
  CC      crypto/gcm.o
  CC      drivers/base/dma-coherent.o
  CC      drivers/input/input.o
  CC      lib/iomap.o
  CC      drivers/base/firmware_class.o
  CC      drivers/base/regmap/regcache.o
  CC      drivers/base/power/wakeup.o
  CC      net/netfilter/nf_conntrack_standalone.o
  CC      net/core/net_namespace.o
  CC      kernel/range.o
  CC      block/ioctl.o
  CC      net/bridge/br_multicast.o
  CC      drivers/base/module.o
  CC      net/bridge/br_mdb.o
  CC      drivers/clk/mediatek/clk-mt6755-pg.o
  CC      kernel/groups.o
  CC      drivers/input/input-compat.o
  CC      sound/core/pcm_lib.o
  CC      fs/filesystems.o
  CC      net/xfrm/xfrm_hash.o
  CC      arch/arm64/kernel/hw_breakpoint.o
  CC      net/sched/act_api.o
  CC      net/xfrm/xfrm_input.o
  CC      drivers/base/regmap/regcache-rbtree.o
  CC      drivers/iommu/of_iommu.o
  CC      drivers/base/regmap/regcache-lzo.o
  CC      mm/debug.o
  CC      drivers/base/regmap/regcache-flat.o
  CC      lib/pci_iomap.o
  CC      mm/fremap.o
  CC      crypto/cryptd.o
  CC      mm/gup.o
  CC      net/bridge/br_netfilter.o
  CC      net/core/secure_seq.o
  CC      block/genhd.o
  CC      net/ipv6/addrlabel.o
  LD      drivers/i2c/busses/built-in.o
  CC      kernel/smpboot.o
  CC      drivers/irqchip/irqchip.o
  CC      drivers/irqchip/irq-gic.o
  CC      drivers/base/power/clock_ops.o
  CC      drivers/irqchip/irq-gic-common.o
  LD      drivers/clk/mediatek/built-in.o
  CC      kernel/bpf/core.o
  LD      drivers/clk/built-in.o
  CC      lib/iomap_copy.o
  CC      net/netfilter/nf_conntrack_expect.o
  CC      net/netfilter/nf_conntrack_helper.o
  AS      arch/arm64/kernel/sleep.o
  CC      drivers/irqchip/irq-gic-v3.o
  CC      fs/namespace.o
  LD      drivers/iommu/built-in.o
  CC      drivers/base/regmap/regmap-debugfs.o
  CC      arch/arm64/kernel/suspend.o
  CC      net/ipv4/ip_sockglue.o
  CC      kernel/events/core.o
  LD      drivers/i2c/muxes/built-in.o
  LD      drivers/i2c/built-in.o
  CC      drivers/input/input-mt.o
  CC      net/ipv4/inet_hashtables.o
  CC      sound/core/pcm_timer.o
  CC      kernel/irq/irqdesc.o
  CC      net/core/flow_dissector.o
  CC      net/wireless/reg.o
  CC      kernel/locking/mutex.o
  CC      lib/devres.o
  CC      kernel/irq/handle.o
  LD      drivers/base/power/built-in.o
  CC      lib/hweight.o
  CC      net/xfrm/xfrm_output.o
  CC      mm/highmem.o
  CC      arch/arm64/kernel/cpuidle.o
  CC      net/sched/act_police.o
  CC      kernel/locking/semaphore.o
  CC      kernel/locking/rwsem.o
  CC      crypto/des_generic.o
  CC      drivers/irqchip/irq-mt-gic.o
  CC      drivers/hid/uhid.o
  CC      drivers/base/regmap/regmap-i2c.o
  CC      drivers/hid/hid-generic.o
  LD      net/bridge/netfilter/built-in.o
  CC      kernel/locking/mcs_spinlock.o
  CC      net/core/sysctl_net_core.o
  CC      net/wireless/scan.o
  CC      arch/arm64/kernel/armv8_deprecated.o
  CC      sound/core/pcm_misc.o
  CC      mm/memory.o
  CC      lib/assoc_array.o
  LD      kernel/bpf/built-in.o
  CC      crypto/twofish_generic.o
  CC      kernel/events/ring_buffer.o
  CC      block/scsi_ioctl.o
  CC      kernel/irq/manage.o
  CC      drivers/input/ff-core.o
  CC      sound/core/pcm_memory.o
  LD      net/bridge/bridge.o
  CC      drivers/hid/hid-a4tech.o
  LD      net/bridge/built-in.o
  AS      arch/arm64/kernel/head.o
  CC      sound/core/memalloc.o
  OBJCOPY arch/arm64/kernel/vdso/vdso.so
  CC      kernel/locking/spinlock.o
  AS      arch/arm64/kernel/vdso/vdso.o
  CC      net/netfilter/nf_conntrack_proto.o
  CC      kernel/irq/spurious.o
  CC      net/sched/act_mirred.o
  CC      drivers/base/pinctrl.o
  LD      arch/arm64/kernel/vdso/built-in.o
  CC      kernel/power/qos.o
  CC      net/ipv4/inet_timewait_sock.o
  CC      kernel/events/callchain.o
  CC      drivers/base/regmap/regmap-spi.o
  CC      kernel/power/main.o
  CC      kernel/power/process.o
  CC      fs/seq_file.o
  CC      drivers/hid/hid-apple.o
  CC      net/core/dev.o
  LDS     arch/arm64/kernel/vmlinux.lds
  CC      net/ipv6/route.o
  CC      drivers/base/regmap/regmap-mmio.o
  CC      crypto/twofish_common.o
  CC      fs/xattr.o
  CC      kernel/locking/lglock.o
  LD      arch/arm64/kernel/built-in.o
  CC      crypto/aes_generic.o
  CC      net/xfrm/xfrm_sysctl.o
  CC      kernel/events/hw_breakpoint.o
  CC      drivers/input/evdev.o
  CC      lib/bitrev.o
  CC      drivers/irqchip/irq-mt-eic.o
  CC      mm/mincore.o
  CC      kernel/printk/printk.o
  CC      sound/core/rawmidi.o
  CC      net/sched/act_ipt.o
  CC      net/ipv4/inet_connection_sock.o
  CC      block/partition-generic.o
  CC      drivers/hid/hid-belkin.o
  CC      kernel/irq/resend.o
  LD      sound/pcmcia/pdaudiocf/built-in.o
  CC      net/ipv4/tcp.o
  LD      sound/pcmcia/vx/built-in.o
  CC      net/ipv4/tcp_input.o
  LD      sound/pcmcia/built-in.o
  CC      kernel/locking/rtmutex.o
  CC      net/ipv6/ip6_fib.o
  LD      drivers/base/regmap/built-in.o
  CC      net/netfilter/nf_conntrack_l3proto_generic.o
  CC      net/ipv4/tcp_output.o
  LD      drivers/base/built-in.o
  CC      lib/crc-ccitt.o
  CC      net/netfilter/nf_conntrack_proto_generic.o
  CC      kernel/power/suspend.o
  CC      net/xfrm/xfrm_replay.o
  CC      kernel/rcu/update.o
  CC      kernel/irq/chip.o
  CC      net/netfilter/nf_conntrack_proto_tcp.o
  CC      kernel/sched/core.o
  CC      drivers/hid/hid-cherry.o
  CC      kernel/sched/proc.o
  CC      kernel/sched/clock.o
  CC      net/wireless/nl80211.o
  CC      net/netfilter/nf_conntrack_proto_udp.o
  CC      net/sched/sch_fifo.o
  CC      fs/libfs.o
  CC      lib/crc16.o
  CC      crypto/arc4.o
  CC      drivers/input/keyboard/mediatek/kpd.o
  CC      block/ioprio.o
  CC      drivers/input/keyboard/mediatek/mt6755/hal_kpd.o
  CC      kernel/locking/rwsem-xadd.o
  CC      drivers/hid/hid-chicony.o
  CC      mm/mlock.o
  LD      drivers/irqchip/built-in.o
  CC      fs/fs-writeback.o
  CC      block/partitions/check.o
  CC      kernel/rcu/srcu.o
  CC      net/sched/sch_htb.o
  CC      crypto/deflate.o
  HOSTCC  lib/gen_crc32table
  CC      kernel/power/autosleep.o
  CC      kernel/irq/dummychip.o
  CC      net/ipv6/ipv6_sockglue.o
  CC      drivers/hid/hid-cypress.o
  CC      crypto/crc32c_generic.o
  CC      net/wireless/mlme.o
  LD      kernel/locking/built-in.o
  LD      drivers/input/keyboard/mediatek/mt6755/built-in.o
  LD      drivers/input/keyboard/mediatek/built-in.o
  CC      net/xfrm/xfrm_proc.o
  CC      lib/libcrc32c.o
  CC      drivers/leds/led-core.o
  CC      block/partitions/msdos.o
  CC      sound/core/oss/pcm_oss.o
  LD      drivers/input/keyboard/built-in.o
  CC      net/ipv4/tcp_timer.o
  CC      drivers/input/misc/uinput.o
  CC      fs/pnode.o
  LD      kernel/events/built-in.o
  CC      net/ipv4/tcp_ipv4.o
  CC      drivers/leds/led-class.o
  CC      kernel/rcu/tree.o
  CC      fs/splice.o
  CC      kernel/power/wakelock.o
  CC      kernel/irq/devres.o
  CC      sound/core/compress_offload.o
  CC      drivers/hid/hid-dr.o
  CC      crypto/crc32.o
  CC      sound/core/seq/seq.o
  CC      sound/core/seq/seq_lock.o
  LD      kernel/printk/built-in.o
  CC      mm/mmap.o
  CC      block/noop-iosched.o
  CC      lib/genalloc.o
  CC      net/netfilter/nf_conntrack_extend.o
  CC      block/partitions/efi.o
  CC      crypto/authenc.o
  CC      net/wireless/ibss.o
  CC      net/xfrm/xfrm_algo.o
  CC      drivers/hid/hid-ezkey.o
  CC      kernel/power/poweroff.o
  CC      kernel/power/wakeup_reason.o
  CC      net/xfrm/xfrm_user.o
  CC      block/deadline-iosched.o
  CC      sound/core/seq/seq_clientmgr.o
  LD      drivers/input/misc/built-in.o
  CC      drivers/leds/led-triggers.o
  CC      net/sched/sch_ingress.o
  LD      drivers/input/input-core.o
  CC      drivers/input/touchscreen/of_touchscreen.o
  CC      net/wireless/sme.o
  CC      kernel/irq/autoprobe.o
  CC      crypto/authencesn.o
  CC      drivers/input/touchscreen/mediatek/mtk_tpd.o
  CC      drivers/hid/hid-gyration.o
  LD      kernel/power/built-in.o
  LD      block/partitions/built-in.o
  CC      net/sched/cls_u32.o
  CC      drivers/input/touchscreen/mediatek/tpd_button.o
  LD      sound/core/snd.o
  CC      net/xfrm/xfrm_ipcomp.o
  CC      net/ipv6/ndisc.o
  CC      net/netfilter/nf_conntrack_acct.o
  CC      block/cfq-iosched.o
  CC      lib/fonts/fonts.o
  CC      kernel/sched/cputime.o
  CC      kernel/sched/idle_task.o
  CC      lib/fonts/font_8x16.o
  CC      kernel/irq/irqdomain.o
  CC      drivers/hid/hid-kensington.o
  CC      fs/sync.o
  CC      sound/core/oss/pcm_plugin.o
  CC      drivers/input/touchscreen/mediatek/tpd_calibrate.o
  CC      drivers/hid/hid-kye.o
  CC      drivers/leds/trigger/ledtrig-timer.o
  CC      sound/core/seq/seq_memory.o
  CC      kernel/sched/fair.o
  CC      drivers/hid/hid-lg.o
  CC      block/compat_ioctl.o
  CC      fs/utimes.o
  CC      fs/stack.o
  CC      drivers/input/touchscreen/mediatek/tpd_debug.o
  LD      kernel/rcu/built-in.o
  CC      mm/mprotect.o
  CC      fs/fs_struct.o
  LD      drivers/lguest/built-in.o
  CC      fs/statfs.o
  LD      sound/core/snd-hwdep.o
  CC      crypto/lzo.o
  LD      lib/fonts/font.o
  LD      lib/fonts/built-in.o
  CC      net/ipv4/tcp_minisocks.o
  LD      drivers/macintosh/built-in.o
  LD      drivers/leds/trigger/built-in.o
  LD      drivers/leds/built-in.o
  CC      lib/lz4/lz4_compress.o
  CC      fs/fs_pin.o
  CC      sound/core/seq/seq_queue.o
  HZFILE  kernel/time/hz.bc
  CC      kernel/time/timer.o
  CC      drivers/input/touchscreen/mediatek/tpd_default.o
  CC      net/sched/cls_fw.o
  CC      net/netfilter/nf_conntrack_seqadj.o
  CC      drivers/md/linear.o
  CC      sound/core/oss/io.o
  CC      net/netfilter/nf_conntrack_ecache.o
  CC      net/core/ethtool.o
  CC      kernel/freezer.o
  CC      sound/core/oss/copy.o
  CC      crypto/rng.o
  CC      net/core/dev_addr_lists.o
  CC      lib/lz4/lz4_decompress.o
  CC      drivers/hid/hid-magicmouse.o
  LD      sound/ppc/built-in.o
  LD      sound/sh/built-in.o
  CC      kernel/irq/proc.o
  CC      kernel/trace/trace_clock.o
  CC      net/netfilter/nf_conntrack_proto_dccp.o
  CC      net/ipv4/tcp_cong.o
  CC      lib/lzo/lzo1x_compress.o
  CC      mm/mremap.o
  CC      kernel/sched/rt.o
  CC      kernel/time/hrtimer.o
  CC      fs/buffer.o
  LD      net/xfrm/built-in.o
  CC      sound/core/seq/seq_fifo.o
  CC      fs/block_dev.o
  CC      drivers/md/md.o
  LD      sound/core/snd-timer.o
  CC      sound/core/oss/linear.o
  CC      sound/core/oss/mulaw.o
  CC      net/sched/cls_flow.o
  CC      net/ipv6/udp.o
  LD      block/built-in.o
  CC      lib/lzo/lzo1x_decompress_safe.o
  CC      sound/core/seq/seq_prioq.o
  CC      drivers/input/touchscreen/mediatek/tpd_init.o
  CC      drivers/hid/hid-microsoft.o
  CC      kernel/irq/pm.o
  LD      lib/lz4/built-in.o
  CC      drivers/md/bitmap.o
  CC      kernel/trace/ring_buffer.o
  CC      drivers/input/touchscreen/mediatek/tpd_misc.o
  CC      net/ipv4/tcp_metrics.o
  CC      crypto/krng.o
  CC      mm/msync.o
  CC      kernel/time/itimer.o
  CC      drivers/md/dm-uevent.o
  CC      drivers/md/dm.o
  CC      kernel/profile.o
  CC      kernel/time/posix-timers.o
  CC      kernel/time/posix-cpu-timers.o
  CC      net/netfilter/nf_conntrack_proto_gre.o
  CC      sound/core/oss/route.o
  LD      lib/lzo/lzo_compress.o
  LD      lib/lzo/lzo_decompress.o
  LD      lib/lzo/built-in.o
  CC      drivers/hid/hid-monterey.o
  CC      sound/core/seq/seq_timer.o
  CC      kernel/time/timekeeping.o
  CC      mm/rmap.o
  CC      lib/mpi/generic_mpih-lshift.o
  CC      crypto/ghash-generic.o
  CC      drivers/md/dm-table.o
  LD      kernel/irq/built-in.o
  CC      kernel/time/ntp.o
  CC      net/sched/ematch.o
  CC      drivers/input/touchscreen/mediatek/tpd_setting.o
  CC      net/wireless/chan.o
  CC      sound/core/oss/rate.o
In file included from /home/desmond/Downloads/k50sv1_64_bsp/work/.capture-staging/f2fs-assessment-20260905/kernel/include/net/inetpeer.h:15:0,
                 from /home/desmond/Downloads/k50sv1_64_bsp/work/.capture-staging/f2fs-assessment-20260905/kernel/net/ipv4/tcp_metrics.c:16:
/home/desmond/Downloads/k50sv1_64_bsp/work/.capture-staging/f2fs-assessment-20260905/kernel/net/ipv4/tcp_metrics.c: In function 'tcp_peer_is_proven':
/home/desmond/Downloads/k50sv1_64_bsp/work/.capture-staging/f2fs-assessment-20260905/kernel/include/net/ipv6.h:439:38: warning: '*((void *)&daddr+8)' may be used uninitialized in this function [-Wmaybe-uninitialized]
  return ((ul1[0] ^ ul2[0]) | (ul1[1] ^ ul2[1])) == 0UL;
                                      ^
/home/desmond/Downloads/k50sv1_64_bsp/work/.capture-staging/f2fs-assessment-20260905/kernel/net/ipv4/tcp_metrics.c:231:30: note: '*((void *)&daddr+8)' was declared here
  struct inetpeer_addr saddr, daddr;
                              ^
In file included from /home/desmond/Downloads/k50sv1_64_bsp/work/.capture-staging/f2fs-assessment-20260905/kernel/include/net/inetpeer.h:15:0,
                 from /home/desmond/Downloads/k50sv1_64_bsp/work/.capture-staging/f2fs-assessment-20260905/kernel/net/ipv4/tcp_metrics.c:16:
/home/desmond/Downloads/k50sv1_64_bsp/work/.capture-staging/f2fs-assessment-20260905/kernel/include/net/ipv6.h:439:38: warning: '*((void *)&saddr+8)' may be used uninitialized in this function [-Wmaybe-uninitialized]
  return ((ul1[0] ^ ul2[0]) | (ul1[1] ^ ul2[1])) == 0UL;
                                      ^
/home/desmond/Downloads/k50sv1_64_bsp/work/.capture-staging/f2fs-assessment-20260905/kernel/net/ipv4/tcp_metrics.c:231:23: note: '*((void *)&saddr+8)' was declared here
  struct inetpeer_addr saddr, daddr;
                       ^
  CC      net/ipv6/udplite.o
/home/desmond/Downloads/k50sv1_64_bsp/work/.capture-staging/f2fs-assessment-20260905/kernel/net/ipv4/tcp_metrics.c: In function 'tcp_metrics_nl_cmd_get':
/home/desmond/Downloads/k50sv1_64_bsp/work/.capture-staging/f2fs-assessment-20260905/kernel/net/ipv4/tcp_metrics.c:81:5: warning: 'saddr.family' may be used uninitialized in this function [-Wmaybe-uninitialized]
  if (a->family == AF_INET)
     ^
/home/desmond/Downloads/k50sv1_64_bsp/work/.capture-staging/f2fs-assessment-20260905/kernel/net/ipv4/tcp_metrics.c:971:23: note: 'saddr.family' was declared here
  struct inetpeer_addr saddr, daddr;
                       ^
In file included from /home/desmond/Downloads/k50sv1_64_bsp/work/.capture-staging/f2fs-assessment-20260905/kernel/include/net/inetpeer.h:15:0,
                 from /home/desmond/Downloads/k50sv1_64_bsp/work/.capture-staging/f2fs-assessment-20260905/kernel/net/ipv4/tcp_metrics.c:16:
/home/desmond/Downloads/k50sv1_64_bsp/work/.capture-staging/f2fs-assessment-20260905/kernel/include/net/ipv6.h:439:38: warning: '*((void *)&saddr+8)' may be used uninitialized in this function [-Wmaybe-uninitialized]
  return ((ul1[0] ^ ul2[0]) | (ul1[1] ^ ul2[1])) == 0UL;
                                      ^
/home/desmond/Downloads/k50sv1_64_bsp/work/.capture-staging/f2fs-assessment-20260905/kernel/net/ipv4/tcp_metrics.c:971:23: note: '*((void *)&saddr+8)' was declared here
  struct inetpeer_addr saddr, daddr;
                       ^
  LD      sound/sparc/built-in.o
/home/desmond/Downloads/k50sv1_64_bsp/work/.capture-staging/f2fs-assessment-20260905/kernel/kernel/time/posix-cpu-timers.c: In function 'set_process_cpu_timer':
/home/desmond/Downloads/k50sv1_64_bsp/work/.capture-staging/f2fs-assessment-20260905/kernel/kernel/time/posix-cpu-timers.c:1221:13: warning: 'now' may be used uninitialized in this function [-Wmaybe-uninitialized]
     *oldval -= now;
             ^
  CC      drivers/hid/hid-multitouch.o
  LD      sound/spi/built-in.o
  CC      lib/mpi/generic_mpih-mul1.o
  LD      sound/synth/emux/built-in.o
  CC      lib/reed_solomon/reed_solomon.o
  CC      net/netfilter/nf_conntrack_proto_sctp.o
  LD      sound/synth/built-in.o
  CC      net/core/dst.o
  CC      mm/vmalloc.o
  LD      sound/core/snd-pcm.o
  CC      sound/soc/soc-core.o
  CC      sound/core/seq/seq_system.o
  CC      kernel/sched/deadline.o
  CC      net/sched/em_u32.o
  CC      drivers/input/touchscreen/mediatek/tpd_common_probe.o
  CC      crypto/asymmetric_keys/asymmetric_type.o
  CC      crypto/asymmetric_keys/signature.o
  CC      crypto/asymmetric_keys/public_key.o
  CC      lib/mpi/generic_mpih-mul2.o
  CC      drivers/md/dm-target.o
  LD      sound/core/oss/snd-pcm-oss.o
  LD      sound/core/oss/built-in.o
  CC      kernel/stacktrace.o
  CC      drivers/hid/hid-pl.o
  CC      sound/core/seq/seq_ports.o
  CC      net/ipv4/tcp_fastopen.o
  CC      mm/pagewalk.o
  CC      lib/mpi/generic_mpih-mul3.o
  CC      net/wireless/ethtool.o
  CC      net/core/netevent.o
  CC      drivers/input/touchscreen/mediatek/focaltech_touch_ft8057/focaltech_core.o
  LD      net/sched/built-in.o
  CC      kernel/time/clocksource.o
  CC      net/ipv6/raw.o
  CC      kernel/trace/trace.o
  CC      drivers/hid/hid-petalynx.o
  CC      drivers/input/touchscreen/mediatek/focaltech_touch_ft8057/focaltech_i2c.o
  LD      lib/reed_solomon/built-in.o
  CC      kernel/time/jiffies.o
  CC      sound/soc/soc-dapm.o
  CC      net/netfilter/nf_conntrack_proto_udplite.o
  LD      drivers/media/firewire/built-in.o
  LD      drivers/media/common/b2c2/built-in.o
  LD      drivers/media/common/saa7146/built-in.o
  CC      net/netfilter/nf_conntrack_netlink.o
  CC      lib/mpi/generic_mpih-rshift.o
  CC      sound/usb/card.o
  CC      net/netfilter/nf_conntrack_amanda.o
  LD      drivers/media/common/siano/built-in.o
  LD      drivers/media/common/built-in.o
  CC      lib/mpi/generic_mpih-sub1.o
  CC      kernel/trace/trace_output.o
  CC      crypto/asymmetric_keys/rsa.o
  ASN.1   crypto/asymmetric_keys/x509-asn1.c
Extracted 203 tokens
Extracted 14 types
Extracted 12 actions
Pass 1
Pass 2
  CC      drivers/hid/hid-samsung.o
  CC      fs/direct-io.o
  CC      drivers/mfd/syscon.o
  LD      drivers/media/i2c/soc_camera/built-in.o
  CC      kernel/trace/trace_seq.o
  LD      drivers/media/i2c/built-in.o
  CC      kernel/sched/stop_task.o
  LD      drivers/media/mmc/siano/built-in.o
  LD      drivers/media/mmc/built-in.o
  CC      sound/soc/soc-jack.o
  CC      sound/core/seq/seq_info.o
  CC      kernel/trace/trace_stat.o
  LD      drivers/media/parport/built-in.o
  CC      lib/mpi/generic_mpih-add1.o
  CC      net/netfilter/nf_conntrack_ftp.o
  LD      drivers/media/pci/b2c2/built-in.o
  LD      drivers/media/pci/ddbridge/built-in.o
  LD      drivers/media/pci/dm1105/built-in.o
  CC      net/netfilter/nf_conntrack_h323_main.o
  LD      drivers/input/touchscreen/mediatek/focaltech_touch_ft8057/focaltech_ft8057.o
  LD      drivers/media/pci/mantis/built-in.o
  LD      drivers/input/touchscreen/mediatek/focaltech_touch_ft8057/built-in.o
  LD      drivers/media/pci/ngene/built-in.o
  CC      drivers/misc/uid_stat.o
  LD      drivers/input/touchscreen/mediatek/built-in.o
  CC      kernel/sched/wait.o
  CC      drivers/hid/hid-sjoy.o
  CC      sound/last.o
  LD      drivers/misc/carma/built-in.o
  LD      drivers/media/pci/pluto2/built-in.o
  LD      drivers/input/touchscreen/built-in.o
  CC      net/core/neighbour.o
  CC      lib/mpi/mpicoder.o
  CC      net/wireless/mesh.o
  LD      drivers/media/pci/pt1/built-in.o
  LD      drivers/input/built-in.o
  CC      sound/usb/clock.o
  LD      drivers/media/pci/pt3/built-in.o
  ASN.1   crypto/asymmetric_keys/x509_rsakey-asn1.c
  CC      sound/core/seq/seq_device.o
Extracted 16 tokens
Extracted 1 types
Extracted 1 actions
Pass 1
Pass 2
  CC      kernel/time/timer_list.o
  CC      crypto/asymmetric_keys/x509_public_key.o
  CC      net/ipv4/tcp_offload.o
  LD      drivers/media/pci/saa7146/built-in.o
  CC      kernel/sched/completion.o
  CC      net/netfilter/nf_conntrack_h323_asn1.o
  CC      mm/pgtable-generic.o
  LD      drivers/misc/cb710/built-in.o
  LD      drivers/media/pci/ttpci/built-in.o
  CC      drivers/hid/hid-sony.o
  LD      drivers/mfd/built-in.o
  LD      drivers/media/pci/built-in.o
  CC      kernel/sched/idle.o
  CC      drivers/md/dm-linear.o
  CC      drivers/md/dm-stripe.o
  LD      crypto/asymmetric_keys/asymmetric_keys.o
  LD      drivers/media/platform/omap/built-in.o
  CC      drivers/mmc/card/block.o
  CC      drivers/md/dm-ioctl.o
  CC      drivers/md/dm-io.o
  LD      drivers/misc/eeprom/built-in.o
  LD      drivers/media/platform/built-in.o
  LD      drivers/misc/lis3lv02d/built-in.o
  LD      drivers/media/rc/keymaps/built-in.o
  LD      drivers/media/rc/built-in.o
  CC      net/core/rtnetlink.o
  CC      kernel/time/timeconv.o
  CC      sound/usb/endpoint.o
  LD      drivers/media/tuners/built-in.o
  CC      lib/mpi/mpi-bit.o
  CC      kernel/futex.o
  CC      drivers/mmc/core/core.o
  CC      drivers/hid/hid-sunplus.o
  CC      drivers/mmc/card/queue.o
  CC      mm/process_vm_access.o
  CC      net/wireless/ap.o
  LD      drivers/media/usb/b2c2/built-in.o
  CC      kernel/sched/cpupri.o
  LD      drivers/media/usb/dvb-usb/built-in.o
  CC      crypto/asymmetric_keys/x509-asn1.o
  CC      net/ipv6/icmp.o
  LD      drivers/media/usb/dvb-usb-v2/built-in.o
  LD      drivers/media/usb/s2255/built-in.o
  CC      sound/core/seq/seq_midi_event.o
  CC      net/netfilter/nf_conntrack_irc.o
  CC      drivers/mmc/card/mt_mmc_block.o
  CC      crypto/asymmetric_keys/x509_rsakey-asn1.o
  LD      drivers/media/usb/siano/built-in.o
  CC      drivers/hid/hid-gaff.o
  LD      drivers/media/usb/stkwebcam/built-in.o
  LD      drivers/media/usb/ttusb-budget/built-in.o
  CC      lib/mpi/mpi-cmp.o
  LD      drivers/media/usb/ttusb-dec/built-in.o
  CC      crypto/asymmetric_keys/x509_cert_parser.o
  CC      kernel/trace/trace_printk.o
  CC      kernel/sched/cpudeadline.o
  LD      drivers/media/usb/zr364xx/built-in.o
  CC      drivers/misc/mediatek/accdet/accdet_drv.o
  LD      drivers/media/usb/built-in.o
  CC      drivers/mmc/host/mediatek/mt6755/sd.o
  CC      kernel/time/timecounter.o
  CC      mm/init-mm.o
  CC      fs/mpage.o
  CC      drivers/misc/mediatek/aee/aed/aed-main.o
  CC      net/ipv4/datagram.o
  CC      drivers/misc/mediatek/atf_log/atf_logger.o
  CC      drivers/mmc/host/mediatek/emmc_rpmb.o
  LD      drivers/media/built-in.o
  CC      sound/soc/soc-cache.o
  CC      fs/proc_namespace.o
  CC      drivers/hid/hid-tmff.o
  CC      kernel/time/posix-clock.o
  CC      kernel/time/alarmtimer.o
  CC      drivers/md/dm-kcopyd.o
  CC      sound/usb/format.o
  CC      net/wireless/trace.o
  CC      sound/core/seq/oss/seq_oss.o
  CC      mm/nobootmem.o
  CC      kernel/sched/stats.o
  CC      lib/mpi/mpih-cmp.o
  LD      crypto/asymmetric_keys/x509_key_parser.o
  CC      drivers/misc/mediatek/aee/common/dummy.o
  LD      crypto/asymmetric_keys/built-in.o
  CC      crypto/hash_info.o
/home/desmond/Downloads/k50sv1_64_bsp/work/.capture-staging/f2fs-assessment-20260905/kernel/sound/soc/soc-cache.c: In function 'snd_soc_cache_sync':
/home/desmond/Downloads/k50sv1_64_bsp/work/.capture-staging/f2fs-assessment-20260905/kernel/sound/soc/soc-cache.c:167:7: warning: 'val' may be used uninitialized in this function [-Wmaybe-uninitialized]
   ret = snd_soc_write(codec, i, val);
       ^
/home/desmond/Downloads/k50sv1_64_bsp/work/.capture-staging/f2fs-assessment-20260905/kernel/sound/soc/soc-cache.c:155:15: note: 'val' was declared here
  unsigned int val;
               ^
  CC      drivers/hid/hid-topseed.o
  CC      drivers/misc/mediatek/aee/ipanic/ipanic_log.o
  CC      kernel/futex_compat.o
  LD      drivers/misc/mediatek/atf_log/atf_log.o
  CC      crypto/ablk_helper.o
  LD      drivers/misc/mic/built-in.o
  LD      drivers/misc/mediatek/atf_log/built-in.o
  CC      sound/core/seq/oss/seq_oss_init.o
  CC      drivers/misc/mediatek/aee/mrdump/mrdump_mini.o
  CC      drivers/misc/mediatek/aee/aed/aed-debug.o
  CC      drivers/misc/mediatek/accdet/mt6755/accdet.o
  CC      lib/mpi/mpih-div.o
  CC      lib/mpi/mpih-mul.o
  CC      sound/usb/helper.o
  LD      drivers/mmc/card/mmc_block.o
  CC      net/netfilter/nf_conntrack_broadcast.o
  CC      kernel/smp.o
  CC      kernel/sched/debug.o
  LD      drivers/mmc/card/built-in.o
  CC      drivers/mmc/core/bus.o
  CC      drivers/misc/mediatek/aee/common/aee-common.o
  CC      drivers/misc/mediatek/aee/ipanic/ipanic_rom.o
  CC      sound/soc/soc-utils.o
  CC      drivers/hid/hid-twinhan.o
  CC      net/ipv4/raw.o
  CC      net/ipv6/mcast.o
  CC      net/ipv6/reassembly.o
  CC      mm/fadvise.o
  LD      sound/soundcore.o
  CC      net/netfilter/nf_conntrack_netbios_ns.o
  CC      drivers/mmc/host/mediatek/mt6755/mt_sd_misc.o
  CC      drivers/md/dm-sysfs.o
  CC      sound/usb/mixer.o
  CC      kernel/time/clockevents.o
  CC      sound/core/seq/oss/seq_oss_timer.o
  CC      lib/zlib_deflate/deflate.o
  CC      drivers/md/dm-stats.o
  CC      lib/mpi/mpi-pow.o
  CC      kernel/trace/trace_sched_switch.o
  LD      crypto/crypto.o
  CC      drivers/md/dm-builtin.o
  CC      drivers/misc/mediatek/aee/aed/monitor_hang.o
  LD      crypto/crypto_algapi.o
  CC      fs/configfs/inode.o
  LD      crypto/crypto_blkcipher.o
  LD      crypto/crypto_hash.o
  LD      crypto/cryptomgr.o
  LD      crypto/built-in.o
  CC      net/core/utils.o
  CC      mm/madvise.o
  CC      net/ipv6/tcp_ipv6.o
  CC      lib/zlib_deflate/deftree.o
  CC      drivers/misc/mediatek/aee/common/reboot-reason.o
  CC      lib/zlib_deflate/deflate_syms.o
  CC      drivers/hid/hid-zpff.o
  CC      drivers/mmc/core/host.o
  CC      sound/soc/soc-pcm.o
  CC      sound/soc/soc-compress.o
  LD      drivers/misc/ti-st/built-in.o
  CC      sound/core/seq/oss/seq_oss_ioctl.o
  CC      sound/usb/mixer_quirks.o
  CC      drivers/misc/mediatek/aee/mrdump/mrdump_control.o
  CC      net/netfilter/nf_conntrack_pptp.o
  CC      kernel/trace/trace_nop.o
  CC      lib/mpi/mpiutil.o
  CC      fs/configfs/file.o
  CC      kernel/sched/cpuacct.o
  CC      drivers/misc/mediatek/aee/ipanic/ipanic_emmc.o
  CC      drivers/mmc/host/mediatek/mt6755/msdc_tune.o
  CC      kernel/time/tick-common.o
  CC      drivers/hid/usbhid/hid-core.o
  CC      drivers/mmc/host/mediatek/mt6755/dbg.o
  CC      drivers/md/dm-bufio.o
  CC      mm/memblock.o
  LD      lib/zlib_deflate/zlib_deflate.o
  LD      lib/zlib_deflate/built-in.o
  CC      sound/core/seq/oss/seq_oss_event.o
  CC      sound/core/seq/seq_dummy.o
  LD      drivers/misc/mediatek/accdet/mt6755/built-in.o
  LD      drivers/misc/mediatek/aee/mrdump/built-in.o
  CC      sound/core/seq/oss/seq_oss_rw.o
  CC      kernel/trace/blktrace.o
  LD      drivers/misc/mediatek/accdet/built-in.o
  CC      net/wireless/wext-core.o
  CC      kernel/uid16.o
  CC      drivers/misc/mediatek/aee/common/wdt-atf.o
  CC      drivers/mmc/host/mediatek/mt6755/msdc_partition.o
  LD      kernel/sched/built-in.o
  CC      kernel/system_keyring.o
  CC      fs/configfs/dir.o
  CC      drivers/misc/mediatek/aee/ipanic/ipanic_pstore.o
  LD      drivers/misc/mediatek/aee/aed/aed.o
  CC      net/core/link_watch.o
  CC      drivers/mmc/core/mmc.o
  LD      drivers/misc/mediatek/aee/aed/built-in.o
  LD      lib/mpi/mpi.o
  CC      net/ipv4/udp.o
  CC      drivers/mtd/mtdcore.o
  CC      drivers/mmc/core/mmc_ops.o
  CC      net/core/filter.o
  LD      lib/mpi/built-in.o
  CC      kernel/time/tick-broadcast.o
  CC      drivers/misc/mediatek/auxadc/mt_auxadc.o
  CC      lib/zlib_inflate/inffast.o
  CC      sound/usb/pcm.o
  CC      drivers/misc/mediatek/boot/mt_boot_common.o
  CC      sound/core/seq/oss/seq_oss_synth.o
  CC      drivers/misc/mediatek/base/power/cpuidle_v1/mt_cpuidle.o
  CC      lib/zlib_inflate/inflate.o
  CC      drivers/misc/mediatek/boot/mt_boot.o
  CC      lib/textsearch.o
  LD      drivers/misc/mediatek/aee/ipanic/ipanic.o
  CC      net/ipv6/ping.o
  LD      drivers/misc/mediatek/aee/ipanic/built-in.o
  CC      net/netfilter/nf_conntrack_sane.o
  LD      drivers/misc/mediatek/aee/common/aee.o
  CC      drivers/mtd/mtdsuper.o
  LD      drivers/misc/mediatek/aee/common/built-in.o
  LD      drivers/misc/mediatek/aee/built-in.o
  CC      drivers/misc/mediatek/base/power/mt6755/mt_pm_init.o
  CC      kernel/trace/trace_events.o
  CC      sound/core/seq/oss/seq_oss_midi.o
  CC      mm/page_io.o
  CC      drivers/misc/uid_sys_stats.o
  CC      drivers/hid/usbhid/hid-quirks.o
  CC      kernel/time/tick-broadcast-hrtimer.o
  AS      drivers/misc/mediatek/base/power/cpuidle_v1/cpu_dormant.o
  CC      drivers/misc/mediatek/base/power/pbm_v1/mt_pbm.o
  CC      sound/soc/soc-io.o
  CC      net/ipv4/udplite.o
  LD      drivers/misc/mediatek/base/power/cpuidle_v1/built-in.o
  CC      drivers/md/dm-crypt.o
  CC      drivers/md/dm-verity-fec.o
  CC      net/core/sock_diag.o
  LD      drivers/hid/hid.o
  CC      drivers/misc/mediatek/base/power/ppm_v1/src/mt_ppm_main.o
  LD      drivers/misc/mediatek/boot/BOOT_COMMON.o
  CC      drivers/md/dm-verity-target.o
  CC      fs/configfs/symlink.o
  CC      drivers/misc/mediatek/base/power/mt6755/mt_clkbuf_ctl.o
  LD      drivers/misc/mediatek/boot/built-in.o
  CC      drivers/mmc/host/mediatek/mt6755/autok.o
  CC      sound/core/seq/oss/seq_oss_readq.o
  CC      kernel/time/sched_clock.o
  CC      lib/zlib_inflate/infutil.o
  CC      drivers/mtd/mtdconcat.o
  CC      sound/usb/proc.o
  CC      drivers/misc/mediatek/base/power/spm_v2/mt_idle.o
  CC      mm/swap_state.o
  CC      net/netfilter/nf_conntrack_tftp.o
  CC      drivers/net/ifb.o
  CC      drivers/misc/mediatek/base/power/ppm_v1/src/mt_ppm_interface.o
  CC      drivers/misc/mediatek/base/power/spm_v2/mt_idle_profile.o
  LD      drivers/misc/mediatek/auxadc/built-in.o
  CC      drivers/mtd/mtdpart.o
  CC      drivers/md/dm-android-verity.o
  CC      sound/core/seq/oss/seq_oss_writeq.o
  CC      drivers/mtd/mtdchar.o
  CC      drivers/mmc/core/sd.o
  CC      lib/zlib_inflate/inftrees.o
  CC      kernel/time/tick-oneshot.o
  LD      drivers/hid/usbhid/usbhid.o
  LD      drivers/hid/usbhid/built-in.o
  LD      drivers/hid/hid-logitech.o
  CC      net/ipv6/exthdrs.o
  LD      drivers/hid/built-in.o
  CC      fs/configfs/mount.o
  CC      drivers/mtd/ofpart.o
  CC      mm/swapfile.o
  CC      sound/usb/quirks.o
  CC      lib/zlib_inflate/inflate_syms.o
  CC      sound/soc/soc-devres.o
  CC      sound/usb/stream.o
  CC      drivers/misc/mediatek/base/power/mt6755/mt_dcm.o
/home/desmond/Downloads/k50sv1_64_bsp/work/.capture-staging/f2fs-assessment-20260905/kernel/drivers/md/dm-android-verity.c: In function 'android_verity_ctr':
/home/desmond/Downloads/k50sv1_64_bsp/work/.capture-staging/f2fs-assessment-20260905/kernel/drivers/md/dm-android-verity.c:581:10: warning: 'key_id' may be used uninitialized in this function [-Wmaybe-uninitialized]
  key_ref = keyring_search(make_key_ref(system_trusted_keyring, 1),
          ^
/home/desmond/Downloads/k50sv1_64_bsp/work/.capture-staging/f2fs-assessment-20260905/kernel/drivers/md/dm-android-verity.c:698:8: note: 'key_id' was declared here
  char *key_id, *table_ptr, dummy, *target_device,
        ^
  LD      sound/core/seq/oss/snd-seq-oss.o
  LD      sound/core/seq/oss/built-in.o
  CC      sound/core/seq/seq_midi.o
  CC      drivers/mmc/core/sd_ops.o
  CC      net/netfilter/nf_nat_core.o
  CC      kernel/time/tick-sched.o
  CC      drivers/net/mii.o
  CC      net/wireless/wext-proc.o
  CC      fs/configfs/item.o
  CC      net/core/dev_ioctl.o
  CC      drivers/misc/mediatek/base/power/spm_v2/mt_idle_mt6755.o
  CC      drivers/misc/mediatek/base/power/ppm_v1/src/mt_ppm_api.o
  CC      kernel/trace/trace_export.o
  LD      drivers/misc/mediatek/base/power/pbm_v1/built-in.o
  LD      drivers/nfc/built-in.o
  LD      sound/soc/adi/built-in.o
  CC      drivers/misc/mediatek/boot_reason/mt_boot_reason.o
  CC      drivers/net/Space.o
  CC      drivers/misc/mediatek/base/power/spm_v2/mt_sleep.o
  LD      sound/core/snd-rawmidi.o
  CC      fs/debugfs/inode.o
  CC      net/wireless/wext-spy.o
  LD      lib/zlib_inflate/zlib_inflate.o
  LD      lib/zlib_inflate/built-in.o
  CC      net/wireless/wext-priv.o
  CC      lib/ts_kmp.o
  CC      drivers/mtd/mtd_blkdevs.o
  CC      kernel/trace/trace_event_perf.o
  CC      mm/dmapool.o
  LD      drivers/md/md-mod.o
  LD      drivers/md/dm-mod.o
  LD      drivers/md/dm-verity.o
  LD      drivers/md/built-in.o
  CC      sound/usb/midi.o
  CC      fs/debugfs/file.o
  LD      sound/core/seq/snd-seq.o
  LD      sound/soc/atmel/built-in.o
  LD      sound/soc/au1x/built-in.o
  LD      sound/core/seq/snd-seq-device.o
  CC      kernel/time/timekeeping_debug.o
  CC      net/core/tso.o
  CC      net/ipv4/udp_offload.o
  LD      sound/core/seq/snd-seq-midi-event.o
  LD      drivers/misc/mediatek/boot_reason/BOOT_REASON.o
  LD      drivers/misc/mediatek/boot_reason/built-in.o
  LD      sound/core/seq/snd-seq-dummy.o
  CC      drivers/misc/mediatek/base/power/mt6755/mt_spm_mtcmos.o
  LD      sound/core/seq/snd-seq-midi.o
  LD      sound/soc/bcm/built-in.o
  CC      net/ipv4/arp.o
  LD      sound/core/seq/built-in.o
  CC      net/netfilter/nf_nat_proto_unknown.o
  LD      fs/configfs/configfs.o
  LD      sound/soc/blackfin/built-in.o
  LD      sound/core/snd-compress.o
  LD      fs/configfs/built-in.o
  LD      sound/soc/cirrus/built-in.o
  CC      drivers/misc/mediatek/base/power/ppm_v1/src/mt_ppm_profile.o
  CC      lib/ts_bm.o
  LD      sound/core/built-in.o
  CC      net/ipv4/icmp.o
  CC      net/core/flow.o
  CC      sound/soc/codecs/mt6392-codec.o
  CC      drivers/mmc/core/sdio.o
  CC      drivers/mtd/mtdblock.o
  CC      drivers/misc/mediatek/btif/common/mtk_btif.o
  LD      drivers/misc/mediatek/c2k_ccci/built-in.o
  CC      drivers/mtd/chips/chipreg.o
  CC      drivers/misc/mediatek/base/power/spm_v2/mt_spm.o
  CC      net/ipv6/datagram.o
  CC      net/ipv4/devinet.o
  CC      net/netfilter/nf_nat_proto_common.o
  CC      drivers/net/loopback.o
  BC      kernel/time/timeconst.h
  CC      kernel/time/time.o
  CC      drivers/misc/mediatek/base/power/spm_v2/mt_spm_dpidle.o
  CC      kernel/trace/trace_events_filter.o
  CC      drivers/misc/mediatek/base/power/spm_v2/mt_spm_dpidle_mt6755.o
  CC      lib/ts_fsm.o
  CC      drivers/of/base.o
  CC      drivers/mmc/host/mediatek/mt6755/autok_dvfs.o
  LD      sound/usb/6fire/built-in.o
  CC      kernel/module.o
  CC      mm/sparse.o
  CC      drivers/misc/mediatek/base/power/ppm_v1/src/mt_ppm_policy_dlpt.o
  CC      drivers/misc/mediatek/btif/common/mtk_btif_exp.o
  LD      fs/debugfs/debugfs.o
  CC      drivers/misc/mediatek/c2k_usb/f_rawbulk.o
  LD      fs/debugfs/built-in.o
  CC      kernel/kallsyms.o
  CC      drivers/misc/mediatek/base/power/mt6755/mt_picachu.o
  CC      net/wireless/regdb.o
  CC      fs/devpts/inode.o
  LD      drivers/mtd/chips/built-in.o
  LD      sound/soc/codecs/snd-soc-mt6392-codec.o
  CC      drivers/misc/mediatek/btif/common/btif_dma_plat.o
  LD      drivers/mtd/devices/built-in.o
  LD      sound/soc/codecs/built-in.o
  CC      lib/percpu_counter.o
  LD      sound/soc/davinci/built-in.o
  LD      drivers/mtd/lpddr/built-in.o
  LD      sound/soc/dwc/built-in.o
  LD      drivers/mtd/maps/built-in.o
  CC      net/netfilter/nf_nat_proto_udp.o
  CC      drivers/misc/mediatek/base/power/mt6755/mt_static_power.o
  CC      drivers/net/tun.o
  LD      sound/soc/fsl/built-in.o
  CC      drivers/mtd/nand/nand_ids.o
  CC      sound/soc/generic/simple-card.o
  CC      net/core/net-sysfs.o
  LD      sound/soc/intel/built-in.o
  CC      drivers/mmc/core/sdio_ops.o
  CC      drivers/misc/mediatek/base/power/ppm_v1/src/mt_ppm_policy_perfserv.o
  CC      drivers/mmc/core/sdio_bus.o
  LD      sound/usb/bcd2000/built-in.o
  CC      kernel/trace/trace_events_trigger.o
  CC      mm/sparse-vmemmap.o
  LD      kernel/time/built-in.o
  CC      drivers/pinctrl/core.o
  LD      fs/devpts/devpts.o
  CC      drivers/pinctrl/pinctrl-utils.o
  LD      sound/usb/caiaq/built-in.o
  LD      fs/devpts/built-in.o
  LD      fs/exofs/built-in.o
  LD      sound/usb/hiface/built-in.o
  LD      net/wireless/cfg80211.o
  LD      sound/usb/misc/built-in.o
  CC      drivers/of/device.o
  CC      drivers/mmc/host/mediatek/mt6755/msdc_io.o
  LD      sound/usb/usx2y/built-in.o
  CC      drivers/misc/mediatek/c2k_usb/rawbulk.o
  LD      net/wireless/built-in.o
  LD      sound/usb/snd-usb-audio.o
  CC      drivers/mmc/host/mediatek/mt6755/mt_dump.o
  LD      sound/usb/snd-usbmidi-lib.o
  CC      net/netfilter/nf_nat_proto_tcp.o
  CC      mm/slub.o
  LD      drivers/mtd/nand/built-in.o
  LD      sound/usb/built-in.o
  CC      net/ipv6/ip6_flowlabel.o
  CC      drivers/misc/mediatek/base/power/mt6755/mt_cpufreq.o
  CC      net/ipv6/inet6_connection_sock.o
  CC      drivers/misc/mediatek/base/power/ppm_v1/src/mt_ppm_policy_sys_boost.o
  CC      drivers/misc/mediatek/base/power/ppm_v1/src/mt_ppm_policy_ptpod.o
  CC      lib/audit.o
  LD      drivers/mtd/onenand/built-in.o
  CC      net/ipv6/sysctl_net_ipv6.o
  CC      drivers/misc/mediatek/cam_cal/src/legacy/mt6755/ov8858_eeprom/ov8858_eeprom.o
  LD      sound/soc/generic/snd-soc-simple-card.o
  LD      sound/soc/generic/built-in.o
  CC      drivers/misc/mediatek/base/power/spm_v2/mt_spm_fs.o
  LD      drivers/mtd/tests/built-in.o
  CC      fs/ext4/balloc.o
  LD      sound/soc/jz4740/built-in.o
  LD      drivers/platform/built-in.o
  LD      drivers/mtd/mtd.o
  CC      drivers/misc/mediatek/base/power/mt6755/mt_cpufreq_hybrid.o
  CC      drivers/misc/mediatek/base/power/mt6755/mt_gpufreq.o
  LD      sound/soc/kirkwood/built-in.o
  CC      drivers/misc/mediatek/c2k_usb/rawbulk_transfer.o
  CC      drivers/mmc/core/sdio_cis.o
  LD      drivers/mtd/built-in.o
  CC      drivers/misc/mediatek/cam_cal/src/legacy/mt6755/s5k2p8_eeprom/s5k2p8_eeprom.o
  CC      drivers/misc/mediatek/base/power/ppm_v1/src/mt_ppm_policy_pwr_thro.o
  CC      sound/soc/mediatek/common/auddrv_devtree_parser.o
  CC      drivers/mmc/core/sdio_io.o
  CC      net/ipv6/ip6mr.o
  CC      drivers/misc/mediatek/btif/common/btif_plat.o
  CC      lib/compat_audit.o
  CC      drivers/power/power_supply_core.o
  CC      drivers/of/platform.o
  CC      lib/swiotlb.o
  CC      net/netfilter/nf_nat_helper.o
  LD      drivers/misc/mediatek/cam_cal/src/legacy/mt6755/ov8858_eeprom/built-in.o
  CC      net/ipv4/af_inet.o
  LD      drivers/pwm/built-in.o
  CC      sound/soc/mediatek/common/auddrv_underflow_mach.o
  CC      net/netfilter/nf_nat_proto_dccp.o
  CC      drivers/of/fdt.o
  CC      drivers/misc/mediatek/base/power/spm_v2/mt_spm_internal.o
  CC      drivers/misc/mediatek/base/power/ppm_v1/src/mt_ppm_policy_thermal.o
  CC      kernel/trace/power-traces.o
  LD      drivers/misc/mediatek/cam_cal/src/legacy/mt6755/s5k2p8_eeprom/built-in.o
  LD      drivers/misc/mediatek/cam_cal/src/legacy/mt6755/built-in.o
  LD      drivers/misc/mediatek/cam_cal/src/built-in.o
  CC      fs/fat/cache.o
  CC      fs/f2fs/dir.o
  CC      drivers/misc/mediatek/base/power/spm_v2/mt_spm_pmic_wrap.o
  CC      fs/fuse/dev.o
  CC      net/core/net-procfs.o
  CC      net/core/fib_rules.o
  CC      sound/soc/mediatek/common/mtk-btcvsd.o
  CC      drivers/pinctrl/pinmux.o
  CC      fs/ext4/bitmap.o
  LD      drivers/misc/mediatek/btif/common/btif.o
  LD      drivers/misc/mediatek/btif/common/built-in.o
  LD      drivers/misc/mediatek/btif/built-in.o
  CC      fs/fuse/dir.o
  CC      drivers/misc/mediatek/cameraisp/src/cameraisp_dummy.o
  CC      drivers/mmc/core/sdio_irq.o
  CC      drivers/misc/mediatek/cameraisp/src/mt6755/camera_isp.o
  CC      drivers/misc/mediatek/cameraisp/src/mt6755/camera_fdvt.o
  CC      drivers/misc/mediatek/base/power/ppm_v1/src/mt_ppm_policy_lcm_off.o
  CC      net/ipv4/igmp.o
  CC      drivers/regulator/core.o
  CC      fs/fat/dir.o
  CC      drivers/power/power_supply_sysfs.o
  CC      lib/iommu-helper.o
  CC      drivers/net/ppp/ppp_generic.o
  LD      drivers/mmc/host/mediatek/mt6755/msdc.o
  LD      drivers/mmc/host/mediatek/mt6755/built-in.o
  LD      drivers/mmc/host/mediatek/built-in.o
  LD      drivers/misc/mediatek/c2k_usb/c2k_usb.o
  LD      drivers/misc/mediatek/c2k_usb/built-in.o
  CC      lib/fault-inject.o
  CC      fs/ext4/dir.o
  CC      drivers/pinctrl/pinconf.o
  LD      drivers/mmc/host/built-in.o
  LD      sound/soc/mxs/built-in.o
  CC      net/core/net-traces.o
  CC      mm/migrate.o
  CC      drivers/misc/mediatek/base/power/spm_v2/mt_spm_sleep.o
  CC      net/netfilter/nf_nat_proto_udplite.o
  CC      fs/jbd2/transaction.o
  CC      fs/isofs/namei.o
  CC      fs/kernfs/mount.o
  CC      drivers/misc/mediatek/base/power/ppm_v1/src/mt_ppm_policy_hica.o
  CC      drivers/of/fdt_address.o
  CC      drivers/mmc/core/quirks.o
  CC      drivers/power/power_supply_leds.o
  LD      sound/soc/mediatek/common/built-in.o
  CC      drivers/net/slip/slhc.o
  CC      net/ipv6/xfrm6_policy.o
  CC      fs/f2fs/file.o
  CC      drivers/net/usb/r8152.o
  CC      fs/jbd2/commit.o
  CC      fs/isofs/inode.o
  CC      drivers/pinctrl/devicetree.o
  CC      kernel/trace/mtk_trace.o
  CC      lib/syscall.o
  CC      drivers/of/address.o
  CC      sound/soc/mediatek/mt6750/mt_soc_codec_speaker_6353.o
  CC      fs/kernfs/inode.o
  CC      drivers/misc/mediatek/base/power/mt6755/mt_ptp.o
  LD      drivers/net/wireless/built-in.o
  CC      fs/jbd2/recovery.o
  CC      drivers/misc/mediatek/base/power/spm_v2/mt_spm_sodi.o
  CC      fs/ext4/file.o
  LD      drivers/power/reset/built-in.o
  CC      drivers/power/mediatek/battery_meter_fg_20.o
  CC      net/netfilter/nf_nat_proto_sctp.o
  CC      drivers/pinctrl/pinconf-generic.o
  CC      drivers/mmc/core/slot-gpio.o
  CC      fs/jbd2/checkpoint.o
  CC      lib/dynamic_debug.o
  CC      drivers/misc/mediatek/base/power/ppm_v1/src/mt_ppm_policy_user_limit.o
  CC      drivers/power/mediatek/battery_common_fg_20.o
  CC      fs/ext4/fsync.o
  LD      kernel/trace/built-in.o
  CC      fs/fuse/file.o
  CC      kernel/compat.o
  CC      fs/kernfs/dir.o
  CC      fs/fat/fatent.o
  CC      sound/soc/mediatek/mt6750/mt_soc_codec_6353.o
  CC      net/ipv6/xfrm6_state.o
  CC      mm/zsmalloc.o
  CC      fs/jbd2/revoke.o
  CC      fs/isofs/dir.o
  LD      drivers/power/power_supply.o
  CC      drivers/misc/mediatek/base/power/spm_v2/mt_spm_sodi3p0.o
  CC      net/ipv6/xfrm6_input.o
  CC      net/netfilter/nf_nat_amanda.o
  CC      fs/fuse/inode.o
  CC      net/ipv6/xfrm6_output.o
  LD      drivers/pinctrl/freescale/built-in.o
  CC      drivers/of/irq.o
  LD      drivers/net/slip/built-in.o
  CC      drivers/of/of_net.o
  CC      drivers/of/of_mtd.o
  CC      drivers/pinctrl/mediatek/pinctrl-mtk-common.o
  LD      net/core/built-in.o
  CC      fs/ext4/ialloc.o
  CC      drivers/mmc/core/debugfs.o
  CC      drivers/misc/mediatek/base/power/ppm_v1/src/mt_ppm_policy_force_limit.o
  CC      drivers/pinctrl/mediatek/pinctrl-mt6755.o
  CC      drivers/net/ppp/ppp_async.o
  CC      net/ipv4/fib_frontend.o
  CC      fs/isofs/util.o
  CC      fs/nls/nls_base.o
  CC      drivers/misc/mediatek/base/power/spm_v2/mt_spm_sodi_cmdq.o
  CC      fs/jbd2/journal.o
  CC      fs/kernfs/file.o
  CC      net/netfilter/nf_nat_ftp.o
  CC      fs/kernfs/symlink.o
  CC      fs/fat/file.o
  CC      drivers/regulator/dummy.o
  CC      drivers/misc/mediatek/base/power/ppm_v1/src/mt_ppm_policy_ut.o
  LD      drivers/mmc/core/mmc_core.o
  CC      lib/nlattr.o
  LD      drivers/mmc/core/built-in.o
  CC      drivers/misc/mediatek/base/power/ppm_v1/src/mach/mt6755/mt_ppm_power_state.o
  CC      fs/isofs/rock.o
  CC      drivers/misc/mediatek/base/power/mt6755/mt_vcorefs_governor.o
  LD      drivers/mmc/built-in.o
  CC      sound/soc/mediatek/mt6750/AudDrv_Ana.o
  CC      drivers/of/of_reserved_mem.o
  CC      kernel/cgroup.o
  CC      drivers/misc/mediatek/base/power/spm_v2/mt_spm_vcorefs_mt6755.o
  CC      fs/fat/inode.o
  CC      mm/early_ioremap.o
  CC      drivers/regulator/fixed-helper.o
  LD      drivers/net/usb/built-in.o
  CC      fs/nls/nls_cp437.o
  CC      fs/isofs/export.o
  CC      fs/f2fs/inode.o
  CC      net/ipv6/xfrm6_protocol.o
  CC      drivers/net/ppp/bsd_comp.o
  CC      drivers/rtc/rtc-lib.o
  LD      drivers/pinctrl/mediatek/built-in.o
  LD      drivers/pinctrl/nomadik/built-in.o
  CC      drivers/net/ppp/ppp_deflate.o
  CC      drivers/scsi/scsi.o
  LD      drivers/pinctrl/built-in.o
  CC      net/netfilter/nf_nat_irc.o
  CC      net/ipv4/fib_semantics.o
  CC      fs/nls/nls_cp950.o
  LD      fs/kernfs/built-in.o
  CC      fs/ext4/inode.o
  CC      net/ipv4/fib_trie.o
  LD      drivers/of/built-in.o
  LD      drivers/misc/mediatek/base/power/ppm_v1/src/mach/mt6755/built-in.o
  CC      sound/soc/mediatek/mt6750/AudDrv_Afe.o
  CC      drivers/net/ppp/ppp_mppe.o
  CC      drivers/scsi/hosts.o
  LD      drivers/misc/mediatek/base/power/ppm_v1/src/mach/built-in.o
  CC      mm/usercopy.o
  LD      drivers/misc/mediatek/base/power/ppm_v1/src/built-in.o
  CC      drivers/regulator/helpers.o
  CC      fs/fuse/control.o
  CC      fs/isofs/joliet.o
  LD      drivers/misc/mediatek/base/power/ppm_v1/built-in.o
  CC      net/netfilter/nf_nat_tftp.o
  CC      fs/fuse/mt_fuse.o
  LD      drivers/misc/mediatek/base/power/spm_v2/built-in.o
  CC      lib/checksum.o
  CC      net/netfilter/x_tables.o
  CC      drivers/scsi/scsi_ioctl.o
  CC      fs/nls/nls_ascii.o
  CC      fs/f2fs/namei.o
  CC      fs/isofs/compress.o
  CC      drivers/rtc/hctosys.o
  CC      fs/fat/misc.o
  CC      drivers/power/mediatek/switch_charging.o
  CC      lib/cpu_rmap.o
  CC      fs/ext4/page-io.o
  LD      mm/built-in.o
  CC      drivers/misc/mediatek/base/power/mt6755/mt_vcorefs_manager.o
  CC      fs/f2fs/hash.o
  CC      fs/f2fs/super.o
  CC      drivers/net/ppp/ppp_synctty.o
  CC      fs/nls/nls_iso8859-1.o
  CC      sound/soc/mediatek/mt6750/AudDrv_Clk.o
  CC      drivers/regulator/devres.o
  CC      net/netfilter/xt_tcpudp.o
  CC      fs/ext4/ioctl.o
  CC      fs/fat/nfs.o
  LD      fs/fuse/fuse.o
  CC      net/ipv6/netfilter.o
  LD      fs/fuse/built-in.o
  CC      drivers/net/ppp/pppox.o
  CC      fs/ext4/namei.o
  CC      drivers/regulator/of_regulator.o
  CC      drivers/rtc/class.o
  CC      fs/notify/fsnotify.o
  CC      lib/dynamic_queue_limits.o
  CC      fs/nls/nls_utf8.o
  LD      fs/isofs/isofs.o
  CC      fs/notify/notification.o
  LD      fs/isofs/built-in.o
  CC      drivers/scsi/constants.o
  CC      fs/f2fs/inline.o
  LD      drivers/power/mediatek/built-in.o
  LD      sound/soc/nuc900/built-in.o
  LD      sound/soc/omap/built-in.o
  LD      drivers/power/built-in.o
  CC      drivers/misc/mediatek/base/power/mt6755/mt_psci.o
  CC      net/ipv6/fib6_rules.o
  CC      fs/fat/namei_vfat.o
  CC      fs/ext4/super.o
  LD      drivers/soc/built-in.o
  CC      sound/soc/mediatek/mt6750/AudDrv_Gpio.o
  CC      fs/fat/namei_msdos.o
  CC      drivers/misc/mediatek/base/power/mt6755/mt_hotplug_strategy_main.o
  LD      fs/nls/built-in.o
  CC      net/netfilter/xt_mark.o
  CC      lib/clz_tab.o
  LD      fs/jbd2/jbd2.o
  CC      kernel/cgroup_freezer.o
  CC      drivers/rtc/interface.o
  LD      fs/jbd2/built-in.o
  CC      sound/soc/mediatek/mt6750/mt_soc_afe_control.o
  LD      sound/soc/pxa/built-in.o
  CC      lib/strncpy_from_user.o
  CC      fs/ext4/symlink.o
  CC      fs/notify/group.o
  LD      drivers/regulator/built-in.o
  GZIP    kernel/config_data.gz
  CC      fs/notify/inode_mark.o
  CC      sound/soc/mediatek/mt6750/mt_soc_afe_connection.o
  CC      drivers/misc/mediatek/base/power/mt6755/mt_hotplug_strategy_core.o
  CC      kernel/res_counter.o
  CC      drivers/misc/mediatek/ccci_util/ccci_util_lib_fo.o
  CC      drivers/spi/spi.o
  CC      drivers/misc/mediatek/base/power/mt6755/mt_hotplug_strategy_procfs.o
  CC      net/ipv4/inet_fragment.o
  CC      drivers/net/ppp/pppoe.o
  CC      drivers/spi/mediatek/mt6755/spi.o
  LD      fs/fat/fat.o
  CC      drivers/spi/mediatek/mt6755/spi-dev.o
  CC      fs/ext4/hash.o
  CC      net/ipv6/proc.o
  CC      fs/ext4/resize.o
  CC      net/ipv6/syncookies.o
  CC      drivers/rtc/rtc-dev.o
  CC      net/netfilter/xt_connmark.o
  CC      net/ipv4/ping.o
  CC      drivers/scsi/scsicam.o
  CC      drivers/misc/mediatek/ccci_util/ccci_util_lib_load_img.o
  CC      lib/strnlen_user.o
  CC      net/netfilter/xt_nat.o
  CC      fs/notify/mark.o
  CC      net/netfilter/xt_CLASSIFY.o
  CC      drivers/net/ppp/pppolac.o
  LD      fs/fat/msdos.o
  LD      fs/fat/vfat.o
  LD      fs/fat/built-in.o
  CC      drivers/net/ppp/pppopns.o
  CC      lib/net_utils.o
  CC      drivers/misc/mediatek/base/power/mt6755/mt_hotplug_strategy_cpu.o
  CC      drivers/rtc/rtc-proc.o
  CC      drivers/staging/staging.o
  CC      drivers/misc/mediatek/ccmni/ccmni.o
  CC      kernel/stop_machine.o
  CC      fs/proc/task_mmu.o
  CC      kernel/audit.o
  CC      fs/proc/inode.o
  CC      fs/f2fs/checkpoint.o
  CC      fs/proc/root.o
  CC      fs/notify/vfsmount_mark.o
  CC      lib/asn1_decoder.o
  CC      net/netfilter/xt_CONNSECMARK.o
  CC      drivers/scsi/scsi_error.o
  GEN     lib/oid_registry_data.c
  LD      drivers/staging/media/built-in.o
  CC      fs/proc/base.o
  CC      drivers/staging/android/binder.o
  CC      drivers/staging/android/binder_alloc.o
  CC      drivers/misc/mediatek/ccci_util/ccci_util_lib_sys.o
  CC      drivers/rtc/rtc-sysfs.o
  LD      drivers/spi/mediatek/mt6755/built-in.o
  CC      net/netfilter/xt_CT.o
  LD      drivers/spi/mediatek/built-in.o
  CC      drivers/staging/android/ion/ion.o
  CC      drivers/misc/mediatek/base/power/mt6755/mt_hotplug_strategy_api.o
  CC      net/ipv4/ip_tunnel_core.o
  CC      drivers/staging/android/ion/ion_heap.o
  CC      drivers/switch/switch_class.o
  CC      fs/f2fs/gc.o
  CC      fs/notify/fdinfo.o
  LD      sound/soc/rockchip/built-in.o
  CC      lib/argv_split.o
  CC      net/ipv6/ah6.o
  CC      sound/soc/mediatek/mt6750/mt_soc_pcm_common.o
  LD      drivers/net/ppp/built-in.o
  CC      drivers/thermal/thermal_core.o
  LD      drivers/net/built-in.o
  CC      drivers/misc/mediatek/ccci_util/ccci_private_log.o
  CC      fs/ext4/extents.o
  CC      kernel/auditfilter.o
  CC      drivers/misc/mediatek/chip/mt_chip_common.o
  LD      drivers/rtc/rtc-core.o
  CC      fs/notify/dnotify/dnotify.o
  LD      fs/notify/fanotify/built-in.o
  LD      drivers/rtc/built-in.o
  CC      drivers/misc/mediatek/base/power/mt6755/mt_hotplug_strategy_algo.o
  CC      lib/cmdline.o
  CC      fs/f2fs/data.o
  CC      drivers/misc/mediatek/chip/mt6755/mt_chip.o
  CC      drivers/scsi/scsi_lib.o
  LD      drivers/spi/built-in.o
  CC      drivers/tty/tty_io.o
  LD      sound/soc/samsung/built-in.o
  CC      net/ipv4/gre_offload.o
  CC      drivers/misc/mediatek/cirq/mt_sys_cirq.o
  LD      drivers/switch/built-in.o
  CC      net/netfilter/xt_HL.o
  LD      drivers/misc/mediatek/ccmni/eccmni.o
  CC      net/netfilter/xt_NETMAP.o
  LD      drivers/misc/mediatek/ccmni/built-in.o
  CC      sound/soc/mediatek/mt6750/mt_soc_pcm_capture.o
  CC      drivers/tty/n_tty.o
  CC      drivers/misc/mediatek/cmdq/v2/cmdq_record.o
  CC      lib/cpumask.o
  CC      drivers/misc/mediatek/cmdq/v2/cmdq_core.o
  LD      fs/notify/dnotify/built-in.o
  CC      fs/notify/inotify/inotify_fsnotify.o
  CC      fs/pstore/inode.o
  CC      net/ipv6/esp6.o
  LD      drivers/misc/mediatek/base/power/mt6755/built-in.o
  CC      drivers/tty/tty_ioctl.o
  LD      drivers/misc/mediatek/base/power/built-in.o
  LD      sound/soc/sh/built-in.o
  LD      drivers/misc/mediatek/chip/mt6755/CHIP.o
  LD      sound/soc/sirf/built-in.o
  LD      drivers/misc/mediatek/chip/mt6755/built-in.o
  CC      fs/proc/generic.o
  CC      drivers/staging/android/ashmem.o
  CC      net/ipv4/ip_tunnel.o
  CC      drivers/staging/android/timed_output.o
  LD      drivers/misc/mediatek/chip/CHIP_COMMON.o
  CC      drivers/misc/mediatek/ccci_util/ccci_util_lib_time.o
  CC      lib/ctype.o
  LD      drivers/misc/mediatek/chip/built-in.o
  LD      drivers/misc/mediatek/base/built-in.o
  CC      net/netfilter/xt_NFLOG.o
  CC      drivers/tty/tty_ldisc.o
  CC      fs/pstore/platform.o
  CC      fs/notify/inotify/inotify_user.o
  LD      sound/soc/spear/built-in.o
  CC      drivers/scsi/scsi_lib_dma.o
  CC      net/ipv4/sysctl_net_ipv4.o
  CC      lib/dec_and_lock.o
  CC      drivers/staging/android/ion/ion_page_pool.o
  CC      sound/soc/mediatek/mt6750/mt_soc_pcm_dl1.o
  CC      lib/decompress.o
  LD      drivers/misc/mediatek/cirq/built-in.o
  CC      net/ipv4/sysfs_net_ipv4.o
  CC      kernel/auditsc.o
  CC      drivers/misc/mediatek/cmdq/v2/cmdq_virtual.o
  CC      drivers/misc/mediatek/cmdq/v2/cmdq_device.o
  CC      drivers/misc/mediatek/ccci_util/ccci_util_lib_main.o
  CC      drivers/misc/mediatek/cmdq/v2/cmdq_driver.o
  CC      lib/decompress_inflate.o
  CC      net/netfilter/xt_NFQUEUE.o
  CC      net/netfilter/xt_REDIRECT.o
  CC      drivers/tty/tty_buffer.o
  CC      drivers/thermal/of-thermal.o
  CC      net/netfilter/xt_SECMARK.o
  CC      drivers/staging/android/ion/ion_system_heap.o
  CC      net/ipv6/ipcomp6.o
  CC      fs/pstore/pmsg.o
  LD      fs/notify/inotify/built-in.o
  CC      fs/proc/array.o
  LD      fs/notify/built-in.o
  CC      drivers/misc/mediatek/ccci_util/ccci_util_ld_md_errno.o
  LD      drivers/misc/mediatek/cameraisp/src/mt6755/built-in.o
  CC      drivers/staging/android/ion/ion_carveout_heap.o
  CC      lib/dump_stack.o
  CC      net/ipv6/xfrm6_tunnel.o
  LD      drivers/misc/mediatek/cameraisp/src/built-in.o
  CC      net/ipv4/proc.o
  CC      lib/earlycpio.o
  CC      lib/extable.o
  CC      fs/proc/fd.o
  CC      drivers/misc/mediatek/ccci_util/ccci_util_broadcast.o
  CC      drivers/misc/mediatek/conn_md/conn_md.o
  CC      drivers/thermal/backward_compatible.o
  CC      drivers/misc/mediatek/ccci_util/mt6755/ccci_off.o
  CC      drivers/scsi/scsi_scan.o
  CC      net/ipv4/fib_rules.o
  CC      fs/pstore/ram.o
  CC      fs/f2fs/node.o
  CC      sound/soc/mediatek/mt6750/mt_soc_pcm_dummy.o
  CC      net/ipv6/tunnel6.o
  CC      net/ipv6/xfrm6_mode_transport.o
  CC      net/ipv6/xfrm6_mode_tunnel.o
  CC      net/ipv6/xfrm6_mode_ro.o
  CC      lib/fdt.o
  CC      net/netfilter/xt_TPROXY.o
  CC      fs/proc/proc_tty.o
  CC      drivers/staging/android/ion/ion_chunk_heap.o
  CC      drivers/tty/tty_port.o
  CC      net/ipv4/ipmr.o
  CC      fs/pstore/ram_core.o
  CC      fs/ext4/ext4_jbd2.o
  CC      lib/fdt_empty_tree.o
  LD      drivers/thermal/samsung/built-in.o
  CC      drivers/staging/android/ion/ion_cma_heap.o
  LD      drivers/thermal/thermal_sys.o
  CC      drivers/misc/mediatek/conn_md/conn_md_exp.o
  LD      drivers/thermal/built-in.o
  LD      drivers/misc/mediatek/ccci_util/mt6755/built-in.o
  CC      drivers/scsi/scsi_sysfs.o
  CC      net/netfilter/xt_TCPMSS.o
  CC      lib/fdt_ro.o
  CC      drivers/misc/mediatek/ccci_util/ccci_util_dummy.o
  CC      net/netfilter/xt_TRACE.o
  CC      fs/quota/dquot.o
  CC      kernel/audit_watch.o
  CC      sound/soc/mediatek/mt6750/mt_soc_pcm_routing.o
  CC      net/ipv4/ipip.o
  CC      fs/proc/cmdline.o
  CC      lib/fdt_rw.o
  CC      fs/proc/consoles.o
  CC      fs/ext4/migrate.o
  CC      drivers/tty/tty_mutex.o
  CC      drivers/staging/android/ion/ion_profile.o
  CC      drivers/scsi/scsi_devinfo.o
  CC      fs/f2fs/segment.o
  LD      fs/pstore/pstore.o
  CC      drivers/misc/mediatek/connectivity/common/connectivity_build_in_adapter.o
  CC      drivers/usb/common/common.o
  LD      fs/pstore/ramoops.o
  LD      fs/pstore/built-in.o
  CC      drivers/staging/android/ion/compat_ion.o
  CC      drivers/misc/mediatek/connectivity/common/wmt_build_in_adapter.o
  LD      drivers/video/backlight/built-in.o
  CC      drivers/scsi/scsi_sysctl.o
  CC      drivers/staging/android/ion/mtk/ion_drv.o
  CC      lib/fdt_strerror.o
  CC      fs/proc/cpuinfo.o
  LD      drivers/misc/mediatek/ccci_util/ccci_util_lib.o
  CC      drivers/staging/android/lowmemorykiller.o
  LD      drivers/misc/mediatek/ccci_util/built-in.o
  CC      net/ipv6/xfrm6_mode_beet.o
  LD      drivers/video/fbdev/omap2/displays-new/built-in.o
  CC      drivers/usb/core/usb.o
  CC      drivers/misc/mediatek/conn_md/conn_md_log.o
  CC      drivers/tty/tty_ldsem.o
  CC      drivers/misc/mediatek/conn_md/conn_md_dump.o
  LD      drivers/video/fbdev/omap2/dss/built-in.o
  LD      drivers/video/fbdev/omap2/built-in.o
  CC      lib/fdt_sw.o
  CC      lib/fdt_wip.o
  CC      fs/proc/devices.o
  CC      drivers/video/fbdev/core/fb_notify.o
  CC      net/netfilter/xt_IDLETIMER.o
  CC      kernel/audit_tree.o
  CC      drivers/misc/mediatek/cqdma/cqdma.o
  CC      drivers/scsi/scsi_proc.o
  CC      drivers/usb/core/hub.o
  CC      net/ipv4/ip_vti.o
  CC      drivers/staging/android/alarm-dev.o
  CC      lib/flex_proportions.o
  CC      net/ipv6/mip6.o
  CC      drivers/video/logo/logo.o
  LD      drivers/usb/common/usb-common.o
  CC      drivers/staging/android/sync.o
  CC      fs/proc/interrupts.o
  LD      drivers/usb/common/built-in.o
  CC      drivers/misc/mediatek/cmdq/v2/cmdq_mmp.o
  CC      fs/f2fs/recovery.o
  CC      sound/soc/mediatek/mt6750/mt_soc_pcm_capture2.o
  CC      drivers/tty/pty.o
  CC      drivers/tty/tty_audit.o
  CC      drivers/misc/mediatek/conn_md/conn_md_dbg.o
  CC      drivers/usb/gadget/usbstring.o
  LD      drivers/misc/mediatek/connectivity/connadp.o
  CC      drivers/usb/gadget/config.o
  LD      drivers/misc/mediatek/connectivity/built-in.o
  CC      lib/idr.o
  CC      lib/int_sqrt.o
  CC      fs/ext4/mballoc.o
  CC      drivers/video/fbdev/core/fb_cmdline.o
  CC      fs/proc/loadavg.o
  CC      drivers/staging/android/ion/mtk/ion_mm_heap.o
  CC      drivers/scsi/scsi_trace.o
  CC      fs/f2fs/shrinker.o
  CC      fs/ramfs/inode.o
  CC      net/netfilter/xt_comment.o
  LOGO    drivers/video/logo/logo_linux_mono.c
  LOGO    drivers/video/logo/logo_linux_vga16.c
  CC      net/ipv4/syncookies.o
  LOGO    drivers/video/logo/logo_linux_clut224.c
  LOGO    drivers/video/logo/logo_superh_mono.c
  LOGO    drivers/video/logo/clut_vga16.c
  CC      fs/sdcardfs/dentry.o
  CC      drivers/staging/android/sync_debug.o
  LOGO    drivers/video/logo/logo_blackfin_vga16.c
  CC      drivers/staging/android/ion/mtk/ion_fb_heap.o
  LOGO    drivers/video/logo/logo_superh_vga16.c
  LOGO    drivers/video/logo/logo_blackfin_clut224.c
  LOGO    drivers/video/logo/logo_dec_clut224.c
  CC      fs/sysfs/file.o
  LOGO    drivers/video/logo/logo_m32r_clut224.c
  CC      kernel/seccomp.o
  LOGO    drivers/video/logo/logo_mac_clut224.c
  LOGO    drivers/video/logo/logo_parisc_clut224.c
  LOGO    drivers/video/logo/logo_sgi_clut224.c
  LOGO    drivers/video/logo/logo_spe_clut224.c
  LOGO    drivers/video/logo/logo_sun_clut224.c
  LD      drivers/misc/mediatek/cqdma/built-in.o
  LOGO    drivers/video/logo/logo_superh_clut224.c
  CC      drivers/video/logo/logo_linux_mono.o
  CC      drivers/video/fbdev/core/fbmem.o
  CC      drivers/tty/sysrq.o
  CC      fs/proc/meminfo.o
  CC      drivers/watchdog/mediatek/wdk/wd_common_drv.o
  CC      sound/soc/mediatek/mt6750/mt_soc_pcm_voice_md1.o
  CC      fs/quota/quota_v2.o
  LD      drivers/tty/ipwireless/built-in.o
  CC      drivers/video/logo/logo_linux_vga16.o
  CC      drivers/tty/serial/serial_core.o
  CC      net/ipv6/netfilter/ip6_tables.o
  CC      drivers/misc/mediatek/conn_md/conn_md_test.o
  CC      fs/f2fs/extent_cache.o
  CC      fs/ramfs/file-mmu.o
  CC      drivers/usb/gadget/epautoconf.o
  CC      drivers/scsi/scsi_pm.o
  CC      net/ipv6/netfilter/ip6table_filter.o
  CC      fs/quota/quota_tree.o
  CC      drivers/video/logo/logo_linux_clut224.o
  CC      fs/sdcardfs/file.o
  CC      lib/ioremap.o
  CC      net/netfilter/xt_connbytes.o
  CC      lib/irq_regs.o
  LD      drivers/video/logo/built-in.o
  CC      drivers/usb/host/xhci-plat.o
  CC      drivers/usb/host/xhci-mtk.o
  CC      fs/ext4/block_validity.o
  LD      drivers/tty/vt/built-in.o
  CC      fs/proc/stat.o
  CC      kernel/utsname_sysctl.o
  CC      net/ipv6/netfilter/ip6table_mangle.o
  LD      fs/ramfs/ramfs.o
  LD      fs/ramfs/built-in.o
  CC      fs/sysfs/dir.o
  CC      net/ipv6/ip6_vti.o
  CC      fs/sysfs/symlink.o
  CC      fs/sdcardfs/inode.o
  CC      net/netfilter/xt_connlimit.o
  CC      drivers/staging/android/ion/mtk/ion_sec_heap.o
  CC      drivers/watchdog/mediatek/wdk/wd_api.o
  CC      drivers/scsi/sd.o
  CC      kernel/taskstats.o
  LD      drivers/misc/mediatek/conn_md/conn_md_bridge.o
  CC      lib/is_single_threaded.o
  LD      drivers/misc/mediatek/conn_md/built-in.o
  CC      drivers/usb/gadget/composite.o
  CC      drivers/misc/mediatek/cmdq/v2/cmdq_mdp_common.o
  CC      drivers/usb/gadget/functions.o
  CC      lib/klist.o
  CC      net/ipv4/ah4.o
  CC      drivers/usb/core/hcd.o
  CC      fs/tracefs/inode.o
  CC      sound/soc/mediatek/mt6750/mt_soc_pcm_voice_md2.o
  CC      fs/proc/uptime.o
  CC      drivers/staging/android/sw_sync.o
  CC      fs/eventpoll.o
  CC      drivers/usb/host/xhci-mtk-sch.o
  CC      fs/quota/quota.o
  CC      drivers/misc/mediatek/cmdq/v2/cmdq_prof.o
  CC      drivers/staging/android/ion/mtk/ion_history.o
  CC      drivers/misc/mediatek/devapc/mt6755/devapc.o
  CC      net/ipv6/sit.o
  CC      fs/sysfs/mount.o
  LD      drivers/watchdog/mediatek/wdk/built-in.o
  LD      sound/soc/tegra/built-in.o
  CC      lib/kobject.o
  CC      drivers/usb/gadget/configfs.o
  CC      drivers/watchdog/mediatek/wdt/mt6755/mtk_wdt.o
  CC      fs/sdcardfs/main.o
  CC      fs/proc/version.o
  CC      kernel/tsacct.o
  CC      drivers/usb/host/xhci.o
  CC      net/netfilter/xt_conntrack.o
  CC      drivers/video/fbdev/core/fbmon.o
  CC      drivers/misc/mediatek/cmdq/v2/cmdq_test.o
  CC      fs/sysfs/group.o
  LD      fs/tracefs/tracefs.o
  LD      fs/tracefs/built-in.o
  CC      drivers/misc/mediatek/devinfo/v1/devinfo.o
  CC      drivers/misc/mediatek/devinfo/v1/devinfosys.o
  CC      drivers/misc/mediatek/dramc/mt6755/mt_dramc.o
  CC      drivers/usb/core/urb.o
  LD      drivers/misc/mediatek/devapc/mt6755/built-in.o
  LD      drivers/tty/serial/built-in.o
  CC      drivers/usb/host/xhci-mem.o
  CC      fs/quota/kqid.o
  LD      drivers/misc/mediatek/devapc/built-in.o
  CC      fs/proc/softirqs.o
  LD      drivers/tty/built-in.o
  CC      drivers/misc/mediatek/cmdq/v2/cmdq_sec.o
  CC      drivers/usb/host/xhci-ring.o
  LD      drivers/staging/android/ion/mtk/built-in.o
  CC      fs/f2fs/sysfs.o
  LD      drivers/staging/android/ion/built-in.o
  CC      kernel/tracepoint.o
  CC      net/ipv4/esp4.o
  LD      drivers/staging/android/built-in.o
  CC      sound/soc/mediatek/mt6750/mt_soc_pcm_voice_md1_bt.o
  CC      drivers/usb/gadget/u_f.o
  CC      net/ipv4/ipcomp.o
  LD      drivers/staging/built-in.o
  CC      net/ipv6/netfilter/ip6table_raw.o
  CC      sound/soc/mediatek/mt6750/mt_soc_pcm_voice_md2_bt.o
  CC      fs/sdcardfs/super.o
  CC      fs/proc/namespaces.o
  CC      drivers/misc/mediatek/cmdq/v2/mt6755/cmdq_mdp.o
  CC      fs/proc/self.o
  LD      drivers/watchdog/mediatek/wdt/mt6755/built-in.o
  LD      fs/sysfs/built-in.o
  CC      lib/kobject_uevent.o
  LD      drivers/watchdog/mediatek/wdt/built-in.o
  CC      drivers/usb/host/xhci-hub.o
  LD      drivers/watchdog/mediatek/built-in.o
  CC      net/netfilter/xt_ecn.o
  LD      drivers/misc/mediatek/devinfo/v1/built-in.o
  LD      drivers/watchdog/built-in.o
  CC      fs/quota/netlink.o
  LD      drivers/misc/mediatek/devinfo/built-in.o
  CC      fs/anon_inodes.o
  CC      drivers/usb/gadget/function/f_acm.o
  CC      drivers/usb/misc/trancevibrator.o
  CC      drivers/usb/phy/phy.o
  CC      fs/sdcardfs/lookup.o
  CC      fs/ext4/move_extent.o
  CC      kernel/elfcore.o
  CC      drivers/usb/core/message.o
  CC      fs/f2fs/debug.o
  LD      drivers/scsi/scsi_mod.o
  CC      drivers/usb/phy/of.o
  CC      net/netfilter/xt_hashlimit.o
  CC      kernel/irq_work.o
  CC      net/ipv6/netfilter/nf_conntrack_l3proto_ipv6.o
  CC      fs/proc/thread_self.o
  LD      drivers/scsi/sd_mod.o
  LD      drivers/scsi/built-in.o
  CC      drivers/usb/storage/scsiglue.o
  CC      drivers/misc/mediatek/emi_bwl/mt6755/emi_bwl.o
  CC      drivers/video/fbdev/core/fbcmap.o
  LD      drivers/usb/gadget/legacy/built-in.o
  CC      drivers/misc/mediatek/eccci/ccci_core.o
  LD      drivers/misc/mediatek/dramc/mt6755/built-in.o
  LD      drivers/misc/mediatek/cmdq/v2/mt6755/built-in.o
  LD      drivers/misc/mediatek/dramc/built-in.o
  LD      drivers/usb/misc/built-in.o
  CC      drivers/usb/phy/class-dual-role.o
  CC      net/ipv6/ip6_tunnel.o
  CC      net/ipv4/xfrm4_tunnel.o
  CC      drivers/usb/host/xhci-dbg.o
  LD      sound/soc/txx9/built-in.o
  CC      net/ipv6/netfilter/nf_conntrack_proto_icmpv6.o
  CC      kernel/cpu_pm.o
  CC      net/netfilter/xt_helper.o
  CC      drivers/usb/phy/phy-generic.o
  CC      sound/soc/mediatek/mt6750/mt_soc_pcm_hdmi.o
  CC      drivers/usb/gadget/function/u_serial.o
  CC      net/ipv6/addrconf_core.o
  LD      fs/quota/built-in.o
  CC      fs/sdcardfs/mmap.o
  CC      fs/proc/proc_sysctl.o
  CC      drivers/usb/host/xhci-trace.o
  CC      sound/soc/mediatek/mt6750/mt_soc_pcm_dl1_i2s0.o
  CC      lib/md5.o
  CC      drivers/usb/gadget/udc/udc-core.o
  LD      drivers/misc/mediatek/emi_bwl/mt6755/built-in.o
  LD      drivers/misc/mediatek/emi_bwl/built-in.o
  CC      fs/ext4/mmp.o
  CC      drivers/video/fbdev/core/fbsysfs.o
  CC      net/ipv4/xfrm4_mode_beet.o
  CC      drivers/usb/core/driver.o
  CC      fs/sdcardfs/packagelist.o
  CC      fs/f2fs/xattr.o
  CERTS   kernel/x509_certificate_list
  CC      net/ipv4/tunnel4.o
  - Including cert /home/desmond/Downloads/k50sv1_64_bsp/work/.capture-staging/f2fs-assessment-20260905/kernel/nokia.x509
  - Including cert /home/desmond/Downloads/k50sv1_64_bsp/work/.capture-staging/f2fs-assessment-20260905/kernel/verity.x509
  - Including cert /home/desmond/Downloads/k50sv1_64_bsp/work/.capture-staging/f2fs-assessment-20260905/kernel/verity_dev_keys.der.x509
  CC      fs/sdcardfs/derived_perm.o
  CHK     kernel/config_data.h
  CC      drivers/usb/gadget/function/f_serial.o
  UPD     kernel/config_data.h
  AS      kernel/system_certificates.o
  CC      kernel/configs.o
  CC      drivers/usb/storage/protocol.o
  CC      lib/plist.o
  CC      fs/ext4/indirect.o
  CC      net/ipv6/netfilter/nf_defrag_ipv6_hooks.o
  LD      sound/soc/ux500/built-in.o
  CC      drivers/usb/storage/transport.o
  LD      drivers/misc/mediatek/cmdq/v2/built-in.o
  CC      net/netfilter/xt_hl.o
  LD      drivers/usb/phy/built-in.o
  CC      drivers/misc/mediatek/emi_mbw/mt_emi_bm.o
  LD      drivers/misc/mediatek/cmdq/built-in.o
  CC      fs/signalfd.o
  CC      lib/proportions.o
  CC      net/ipv4/xfrm4_mode_transport.o
  CC      drivers/misc/mediatek/eccci/ccci_bm.o
  CC      net/ipv6/netfilter/nf_conntrack_reasm.o
  CC      net/ipv6/exthdrs_core.o
  LD      kernel/built-in.o
  CC      drivers/usb/gadget/android.o
  LD      drivers/usb/gadget/libcomposite.o
  LD      drivers/usb/host/xhci-plat-hcd.o
  CC      drivers/misc/mediatek/eccci/ccci_support.o
  LD      drivers/usb/host/xhci-hcd.o
  CC      net/ipv6/ip6_checksum.o
  LD      drivers/usb/host/built-in.o
  CC      fs/proc/proc_net.o
  CC      drivers/misc/mediatek/emi_mbw/mt_mem_bw.o
  CC      sound/soc/mediatek/mt6750/mt_soc_pcm_dl1_i2s0Dl1.o
  CC      drivers/video/fbdev/core/modedb.o
  CC      drivers/usb/gadget/function/f_mass_storage.o
  CC      drivers/usb/storage/usb.o
  CC      drivers/misc/mediatek/eccci/ccci_modem.o
  CC      lib/radix-tree.o
  CC      net/ipv6/ip6_icmp.o
  LD      drivers/usb/gadget/udc/built-in.o
  CC      net/ipv6/netfilter/nf_reject_ipv6.o
  CC      net/ipv6/output_core.o
  CC      fs/timerfd.o
  LD      sound/soc/snd-soc-core.o
  CC      net/netfilter/xt_iprange.o
  LD      fs/f2fs/f2fs.o
  CC      lib/ratelimit.o
  CC      drivers/misc/mediatek/eccci/ccci_swtp.o
  CC      drivers/usb/core/config.o
  CC      lib/rbtree.o
  LD      fs/f2fs/built-in.o
  CC      fs/eventfd.o
  CC      lib/sha1.o
  CC      drivers/video/fbdev/core/fbcvt.o
  CC      drivers/usb/core/file.o
  CC      net/ipv4/xfrm4_mode_tunnel.o
  CC      fs/ext4/extents_status.o
  LD      drivers/misc/mediatek/emi_mbw/built-in.o
  CC      net/netfilter/xt_length.o
  CC      net/ipv6/protocol.o
  CC      lib/show_mem.o
  CC      fs/proc/kmsg.o
  CC      fs/aio.o
  CC      sound/soc/mediatek/mt6750/mt_soc_pcm_i2s0_awb.o
  CC      net/ipv6/ip6_offload.o
  CC      lib/siphash.o
  CC      fs/locks.o
  CC      fs/ext4/xattr.o
  CC      drivers/usb/gadget/function/storage_common.o
  CC      net/ipv4/ipconfig.o
  CC      net/ipv6/netfilter/ip6t_frag.o
  LD      fs/sdcardfs/sdcardfs.o
  CC      drivers/usb/gadget/function/f_fs.o
  CC      net/ipv6/tcpv6_offload.o
  LD      fs/sdcardfs/built-in.o
  CC      lib/string.o
  CC      drivers/video/fbdev/core/cfbfillrect.o
  CC      fs/ext4/xattr_user.o
  CC      net/ipv6/netfilter/ip6t_ipv6header.o
  CC      drivers/video/fbdev/core/cfbcopyarea.o
  CC      sound/soc/mediatek/mt6750/mt_soc_pcm_uldlloopback.o
  CC      fs/proc/page.o
  CC      drivers/usb/storage/initializers.o
  CC      net/ipv6/netfilter/ip6t_rpfilter.o
  CC      drivers/misc/mediatek/eccci/ccci_fsm.o
  CC      net/ipv6/netfilter/ip6t_REJECT.o
  CC      net/netfilter/xt_limit.o
  CC      drivers/usb/gadget/function/f_audio_source.o
  CC      drivers/usb/core/buffer.o
  CC      drivers/misc/mediatek/eccci/port_char.o
  CC      drivers/misc/mediatek/eccci/port_net.o
  CC      net/netfilter/xt_mac.o
  CC      fs/compat.o
  LD      drivers/usb/gadget/function/usb_f_acm.o
  CC      fs/ext4/xattr_trusted.o
  CC      drivers/misc/mediatek/emi_mpu/emi_reg_rw.o
  CC      lib/timerqueue.o
  CC      drivers/misc/mediatek/emi_mpu/mt6755/emi_mpu.o
  LD      fs/proc/proc.o
  CC      drivers/video/fbdev/core/cfbimgblt.o
  CC      lib/vsprintf.o
  CC      net/ipv4/netfilter.o
  CC      drivers/usb/storage/sierra_ms.o
  LD      fs/proc/built-in.o
  CC      drivers/misc/mediatek/eccci/port_ipc.o
  CC      sound/soc/mediatek/mt6750/mt_soc_pcm_dl2.o
  LD      drivers/misc/mediatek/ext_disp/common/built-in.o
  LD      net/ipv6/netfilter/nf_conntrack_ipv6.o
  CC      net/netfilter/xt_multiport.o
  CC      drivers/usb/core/sysfs.o
  CC      drivers/misc/mediatek/freqhopping/mt_freqhopping_drv.o
  CC      drivers/misc/mediatek/flashlight/src/mt6755/kd_flashlightlist.o
  CC      drivers/misc/mediatek/gpio/mt_gpio_core.o
*MTK_GPU_VERSION 1 = mali
  CC      drivers/misc/mediatek/ext_disp/mt6755/external_display.o
  CC      drivers/misc/mediatek/gpiokey/k50_gpiokey.o
  LD      net/ipv6/netfilter/nf_defrag_ipv6.o
  CC      drivers/misc/mediatek/freqhopping/mt6755/mt_freqhopping.o
  LD      net/ipv6/netfilter/built-in.o
  CC      drivers/usb/storage/option_ms.o
  CC      net/ipv6/udp_offload.o
  CC      drivers/misc/mediatek/gpu/ged/src/ged_base.o
  CC      net/netfilter/xt_physdev.o
  CC      drivers/misc/mediatek/i2c/mt6755/i2c.o
  LD      drivers/misc/mediatek/irtx/built-in.o
  CC      fs/ext4/inline.o
  CC      drivers/usb/storage/usual-tables.o
  CC      drivers/misc/mediatek/imgsensor/src/mt6755/kd_sensorlist.o
  CC      drivers/misc/mediatek/jpeg/v2/jpeg_cmdq.o
  CC      drivers/misc/mediatek/jpeg/v2/jpeg_drv_enc.o
  CC      fs/ext4/readpage.o
  CC      drivers/misc/mediatek/imgsensor/src/mt6755/camera_hw/kd_camera_hw.o
  LD      drivers/video/fbdev/core/fb.o
  CC      drivers/misc/mediatek/gpio/mt6755/mt_gpio_base.o
  LD      drivers/video/fbdev/core/built-in.o
  CC      drivers/misc/mediatek/gpu/ged/src/ged_main.o
  CC      drivers/misc/mediatek/flashlight/src/mt6755/strobe_main_sid2_part2.o
  LD      drivers/misc/mediatek/gpiokey/built-in.o
  LD      drivers/video/fbdev/built-in.o
  CC      drivers/misc/mediatek/jpeg/v2/jpeg_drv_dec.o
  CC      drivers/usb/core/endpoint.o
  LD      drivers/video/built-in.o
  CC      drivers/misc/mediatek/imgsensor/src/mt6755/gc5025_mipi_raw/gc5025mipi_Sensor.o
  CC      drivers/misc/mediatek/gpio/mt6755/mt_gpio_affix.o
  CC      drivers/usb/storage/alauda.o
  LD      drivers/usb/gadget/function/usb_f_serial.o
  CC      drivers/misc/mediatek/ext_disp/mt6755/extd_debug.o
  CC      drivers/misc/mediatek/ext_disp/mt6755/./../mtk_extd_mgr.o
  CC      drivers/misc/mediatek/lcm/mt65xx_lcm_list.o
  CC      drivers/misc/mediatek/eccci/port_cfg.o
  CC      drivers/misc/mediatek/lcm/lcm_common.o
  CC      net/netfilter/xt_pkttype.o
  CC      sound/soc/mediatek/mt6750/mt_soc_pcm_mrgrx.o
  CC      drivers/misc/mediatek/eccci/port_smem.o
  CC      drivers/misc/mediatek/gpu/ged/src/ged_debugFS.o
  CC      net/ipv6/exthdrs_offload.o
  CC      drivers/misc/mediatek/gpu/ged/src/ged_log.o
  CC      drivers/misc/mediatek/flashlight/src/mt6755/strobe_sub_sid2_part1.o
  LD      drivers/misc/mediatek/freqhopping/mt6755/built-in.o
  CC      fs/ext4/xattr_security.o
  CC      drivers/misc/mediatek/ext_disp/mt6755/./../extd_utils.o
  LD      drivers/misc/mediatek/freqhopping/built-in.o
  CC      fs/compat_ioctl.o
  CC      drivers/misc/mediatek/gpio/mt6755/mt_gpio_debug.o
  CC      net/netfilter/xt_policy.o
  CC      fs/ext4/crypto_policy.o
  LD      drivers/usb/gadget/function/usb_f_mass_storage.o
  CC      net/ipv4/netfilter/nf_conntrack_l3proto_ipv4_compat.o
  LD      drivers/usb/gadget/function/usb_f_fs.o
  CC      fs/binfmt_script.o
  CC      net/ipv4/inet_diag.o
  LD      drivers/usb/gadget/function/usb_f_audio_source.o
  CC      drivers/usb/core/devio.o
  CC      drivers/misc/mediatek/eccci/port_rpc.o
  LD      drivers/usb/gadget/function/built-in.o
  LD      drivers/misc/mediatek/emi_mpu/mt6755/built-in.o
  CC      drivers/usb/storage/cypress_atacb.o
  LD      drivers/misc/mediatek/emi_mpu/built-in.o
  CC      drivers/misc/mediatek/lcm/lcm_gpio.o
  CC      drivers/misc/mediatek/jpeg/v2/jpeg_drv.o
  CC      drivers/misc/mediatek/eccci/port_sysmsg.o
  CC      net/ipv4/netfilter/nf_conntrack_l3proto_ipv4.o
  CC      drivers/misc/mediatek/lcm/lcm_i2c.o
  CC      drivers/misc/mediatek/i2c/mt6755/i2c_common.o
  LD      drivers/misc/mediatek/imgsensor/src/mt6755/camera_hw/built-in.o
  CC      drivers/misc/mediatek/imgsensor/src/mt6755/imx145_mipi_raw/imx145mipiraw_Sensor.o
  CC      drivers/misc/mediatek/flashlight/src/mt6755/strobe_sub_sid2_part2.o
mali MTK evironment
mali MTK evironment
  CC      fs/binfmt_elf.o
mali MTK evironment
  CC      sound/soc/mediatek/mt6750/mt_soc_pcm_mrgrx_awb.o
  CC      drivers/usb/storage/datafab.o
  CC      drivers/misc/mediatek/ext_disp/mt6755/./../extd_hdmi.o
  CC      drivers/misc/mediatek/lcm/lcm_pmic.o
  CC      net/ipv6/inet6_hashtables.o
  CC      drivers/misc/mediatek/flashlight/src/mt6755/sub_strobe.o
  CC      drivers/misc/mediatek/flashlight/src/mt6755/strobe_main_sid1_part2.o
  CC      drivers/misc/mediatek/flashlight/src/mt6755/strobe_part_id.o
  CC      drivers/misc/mediatek/gpu/ged/src/ged_hal.o
  CC      drivers/misc/mediatek/ext_disp/mt6755/./../extd_epd.o
  CC      net/ipv4/tcp_diag.o
  CC      drivers/misc/mediatek/gpio/mt6755/mt_gpio_ext.o
  CC      drivers/misc/mediatek/ext_disp/mt6755/./../extd_multi_control.o
  CC      fs/ext4/crypto.o
  CC      drivers/usb/core/notify.o
  CC      net/netfilter/xt_qtaguid_print.o
  GEN     lib/crc32table.h
  CC      lib/oid_registry.o
  CC      drivers/misc/mediatek/flashlight/src/mt6755/strobe_sub_sid1_part2.o
  CC      drivers/misc/mediatek/lcm/lcm_util.o
  CC      drivers/misc/mediatek/gpu/gpu_mali/mali_midgard/mali-r29p0/drivers/gpu/arm/midgard/platform/mtk_platform_common/mtk_platform_common.o
  CC      drivers/misc/mediatek/flashlight/src/mt6755/strobe_main_sid2_part1.o
  CC      drivers/usb/core/generic.o
  CC      drivers/misc/mediatek/imgsensor/src/mt6755/k50_sensor_placeholders.o
  CC      net/netfilter/xt_qtaguid.o
  CC      fs/ext4/crypto_key.o
  LD      drivers/misc/mediatek/imgsensor/src/mt6755/gc5025_mipi_raw/built-in.o
  AR      lib/lib.a
  CC      fs/ext4/crypto_fname.o
  CC      drivers/misc/mediatek/leds/leds_drv.o
  CC      drivers/misc/mediatek/gpio/mt6755/mt_gpio_base_linux.o
  CC      drivers/misc/mediatek/lcm/ft8057s_inx_hdplus1560/ft8057s_inx_hdplus1560.o
  CC      net/ipv4/netfilter/nf_conntrack_proto_icmp.o
  CC      drivers/usb/storage/freecom.o
  CC      sound/soc/mediatek/mt6750/mt_soc_pcm_fm_i2s.o
  LD      drivers/misc/mediatek/i2c/mt6755/built-in.o
  LD      drivers/misc/mediatek/i2c/built-in.o
  CC      drivers/misc/mediatek/gpu/ged/src/ged_bridge.o
  LD      drivers/misc/mediatek/jpeg/v2/jpeg_driver.o
  CC      drivers/usb/storage/isd200.o
  LD      drivers/misc/mediatek/jpeg/v2/built-in.o
  LD      drivers/misc/mediatek/jpeg/built-in.o
  LD      drivers/misc/mediatek/imgsensor/src/mt6755/imx145_mipi_raw/built-in.o
  CC      lib/crc32.o
  CC      drivers/misc/mediatek/lcm/tps65132.o
  CC      drivers/misc/mediatek/lcm/lcm_bias_gpio.o
  CC      drivers/misc/mediatek/ext_disp/mt6755/./../extd_factory.o
  CC      drivers/misc/mediatek/eccci/port_poller.o
  CC      drivers/usb/storage/jumpshot.o
  CC      drivers/misc/mediatek/leds/mt6755/leds.o
  CC      drivers/misc/mediatek/gpu/ged/src/ged_profile_dvfs.o
  CC      drivers/misc/mediatek/gpu/gpu_mali/mali_midgard/mali-r29p0/drivers/gpu/arm/midgard/mali_kbase_device.o
  CC      drivers/misc/mediatek/flashlight/src/mt6755/constant_flashlight/leds_strobe.o
  CC      net/ipv4/udp_diag.o
  CC      drivers/usb/core/quirks.o
  CC      drivers/misc/mediatek/eccci/port_ctlmsg.o
  LD      drivers/misc/mediatek/gpio/mt6755/built-in.o
  LD      drivers/misc/mediatek/gpio/built-in.o
  CC      drivers/usb/core/devices.o
  CC      sound/soc/mediatek/mt6750/mt_soc_pcm_fm_i2s_awb.o
  CC      drivers/misc/mediatek/gpu/ged/src/ged_monitor_3D_fence.o
  LD      drivers/misc/mediatek/lcm/ft8057s_inx_hdplus1560/built-in.o
  LD      net/ipv6/ipv6.o
  CC      drivers/usb/storage/karma.o
  CC      net/ipv4/netfilter/nf_nat_l3proto_ipv4.o
  CC      net/ipv4/tcp_cubic.o
  CC      fs/compat_binfmt_elf.o
  LD      fs/ext4/ext4.o
  CC      drivers/misc/mediatek/lens/main/main_lens.o
  CC      drivers/misc/mediatek/gpu/ged/src/ged_notify_sw_vsync.o
  LD      drivers/misc/mediatek/ext_disp/mt6755/built-in.o
  LD      net/ipv6/built-in.o
  LD      drivers/misc/mediatek/ext_disp/built-in.o
  LD      drivers/misc/mediatek/lcm/built-in.o
  CC      drivers/misc/mediatek/gpu/hal/mtk_gpu_utility.o
  CC      drivers/misc/mediatek/eccci/port_proxy.o
  LD      drivers/misc/mediatek/imgsensor/src/mt6755/built-in.o
  CC      net/ipv4/xfrm4_policy.o
  CC      net/ipv4/netfilter/nf_nat_proto_icmp.o
  LD      fs/ext4/built-in.o
  CC      net/ipv4/xfrm4_state.o
  LD      drivers/misc/mediatek/imgsensor/src/built-in.o
  CC      net/ipv4/xfrm4_input.o
  LD      drivers/misc/mediatek/flashlight/src/mt6755/flashlight_top.o
  CC      drivers/misc/mediatek/lens/main/common/dw9761af/DW9761AF.o
  CC      sound/soc/mediatek/mt6750/mt_soc_pcm_dl1_awb.o
  CC      fs/mbcache.o
  CC      net/ipv4/xfrm4_output.o
  CC      drivers/usb/core/port.o
  CC      drivers/misc/mediatek/gpu/ged/src/ged_hashtable.o
  CC      drivers/misc/mediatek/gpu/gpu_mali/mali_midgard/mali-r29p0/drivers/gpu/arm/midgard/mali_kbase_cache_policy.o
  CC      drivers/usb/storage/onetouch.o
  CC      net/ipv4/xfrm4_protocol.o
  CC      sound/soc/mediatek/mt6750/mt_soc_pcm_dl1_bt.o
  CC      drivers/misc/mediatek/log_store/log_store.o
  LD      drivers/misc/mediatek/leds/mt6755/built-in.o
  CC      net/netfilter/xt_quota.o
  CC      drivers/misc/mediatek/gpu/ged/src/ged_thread.o
  LD      drivers/misc/mediatek/leds/built-in.o
  LD      lib/built-in.o
  LD      drivers/misc/mediatek/flashlight/src/mt6755/flashlight_device.o
  LD      drivers/misc/mediatek/flashlight/src/mt6755/built-in.o
  CC      drivers/misc/mediatek/gpu/ged/src/ged_ge.o
  CC      drivers/misc/mediatek/gpu/ged/src/ged_dvfs.o
  LD      drivers/misc/mediatek/flashlight/src/built-in.o
  CC      drivers/misc/mediatek/gpu/gpu_mali/mali_midgard/mali-r29p0/drivers/gpu/arm/midgard/mali_kbase_mem.o
  CC      drivers/misc/mediatek/gpu/gpu_mali/mali_midgard/mali-r29p0/drivers/gpu/arm/midgard/mali_kbase_mmu.o
  CC      drivers/misc/mediatek/eccci/mdee_ctl.o
  CC      drivers/misc/mediatek/eccci/mdee_dumper_v1.o
  CC      drivers/misc/mediatek/gpu/gpu_mali/mali_midgard/mali-r29p0/drivers/gpu/arm/midgard/mali_kbase_ctx_sched.o
  CC      drivers/misc/mediatek/m4u/mt6755/m4u_hw.o
  CC      drivers/misc/mediatek/m4u/2.0/m4u.o
  LD      drivers/misc/mediatek/lens/main/mainaf.o
  CC      net/netfilter/xt_quota2.o
  LD      drivers/misc/mediatek/lens/main/built-in.o
  LD      drivers/misc/mediatek/lens/built-in.o
  LD      drivers/misc/mediatek/gpu/hal/hal.o
  CC      fs/coredump.o
  CC      drivers/misc/mediatek/m4u/2.0/m4u_mva.o
  LD      drivers/misc/mediatek/gpu/hal/built-in.o
  CC      drivers/misc/mediatek/gpu/gpu_mali/mali_midgard/mali-r29p0/drivers/gpu/arm/midgard/mali_kbase_jd.o
  CC      drivers/misc/mediatek/gpu/ged/src/ged_vsync.o
  LD      drivers/usb/core/usbcore.o
  LD      drivers/misc/mediatek/mach/built-in.o
  CC      net/netfilter/xt_realm.o
  LD      drivers/misc/mediatek/log_store/built-in.o
  CC      drivers/misc/mediatek/m4u/2.0/m4u_pgtable.o
  LD      drivers/usb/core/built-in.o
  LD      drivers/usb/gadget/g_android.o
  CC      sound/soc/mediatek/mt6750/mt_soc_pcm_bt_dai.o
  CC      fs/drop_caches.o
  CC      drivers/usb/storage/sddr09.o
  LD      drivers/usb/gadget/built-in.o
  CC      drivers/misc/mediatek/gpu/gpu_mali/mali_midgard/mali-r29p0/drivers/gpu/arm/midgard/mali_kbase_jd_debugfs.o
  CC      drivers/misc/mediatek/gpu/gpu_mali/mali_midgard/mali-r29p0/drivers/gpu/arm/midgard/mali_kbase_jm.o
  CC      drivers/misc/mediatek/m4u/2.0/m4u_debug.o
  CC      drivers/misc/mediatek/eccci/mdee_dumper_v2.o
  CC      net/ipv4/netfilter/nf_defrag_ipv4.o
  CC      drivers/misc/mediatek/eccci/modem_cldma.o
  CC      drivers/misc/mediatek/masp/asfv2/core/sec_ccci.o
  CC      drivers/misc/mediatek/masp/asfv2/core/sec_boot_core.o
  CC      drivers/usb/storage/sddr55.o
  CC      drivers/misc/mediatek/gpu/gpu_mali/mali_midgard/mali-r29p0/drivers/gpu/arm/midgard/mali_kbase_gpuprops.o
  CC      drivers/misc/mediatek/mdp/mdp_ioctl_ex.o
  CC      fs/dcookies.o
  CC      drivers/misc/mediatek/mdp/mdp_m4u.o
  CC      net/netfilter/xt_recent.o
  CC      drivers/misc/mediatek/masp/asfv2/core/sec_mod_core.o
  CC      drivers/misc/mediatek/eccci/ccci_ringbuf.o
  CC      net/ipv4/netfilter/nf_reject_ipv4.o
  CC      net/ipv4/netfilter/nf_nat_h323.o
  CC      drivers/misc/mediatek/masp/asfv2/core/sec_osal.o
  CC      drivers/misc/mediatek/masp/asfv2/core/sec_legacy.o
  LD      drivers/misc/mediatek/gpu/ged/ged.o
  CC      sound/soc/mediatek/mt6750/mt_soc_dai_stub.o
  LD      drivers/misc/mediatek/gpu/ged/built-in.o
  CC      drivers/misc/mediatek/gpu/gpu_mali/mali_midgard/mali-r29p0/drivers/gpu/arm/midgard/mali_kbase_js.o
  CC      drivers/misc/mediatek/eccci/modem_ccif_c2k.o
  CC      drivers/usb/storage/shuttle_usbat.o
  CC      net/ipv4/netfilter/nf_nat_pptp.o
  CC      net/netfilter/xt_socket.o
  CC      net/netfilter/xt_state.o
  CC      net/ipv4/netfilter/nf_nat_masquerade_ipv4.o
  CC      drivers/misc/mediatek/mem/icache_dump.o
  CC      drivers/misc/mediatek/met_drv/met_api.o
  CC      net/netfilter/xt_statistic.o
  CC      drivers/misc/mediatek/eccci/mt6755/ccci_platform.o
  LD      drivers/usb/storage/usb-storage.o
  CC      net/netfilter/xt_string.o
  CC      sound/soc/mediatek/mt6750/mt_soc_dai_routing.o
  CC      drivers/misc/mediatek/mem/mtk_memcfg.o
  CC      drivers/misc/mediatek/eccci/mt6755/cldma_platform.o
  CC      net/ipv4/netfilter/nf_nat_proto_gre.o
  LD      fs/built-in.o
  CC      drivers/misc/mediatek/eccci/mt6755/ccif_c2k_platform.o
  CC      drivers/misc/mediatek/mmp/dummy/mmprofile.o
  LD      drivers/usb/storage/ums-alauda.o
  CC      drivers/misc/mediatek/masp/asfv2/module/sec_mod.o
  LD      drivers/usb/storage/ums-cypress.o
  CC      drivers/misc/mediatek/masp/asfv2/module/sec_clk.o
  LD      drivers/misc/mediatek/mdp/built-in.o
  CC      drivers/misc/mediatek/gpu/gpu_mali/mali_midgard/mali-r29p0/drivers/gpu/arm/midgard/mali_kbase_js_ctx_attr.o
  CC      drivers/misc/mediatek/mtprof/prof_ctl.o
  CC      drivers/misc/mediatek/mu3d/hal/mu3d_hal_osal.o
  CC      drivers/misc/mediatek/mu3d/drv/musb_core.o
  CC      drivers/misc/mediatek/mu3d/hal/mu3d_hal_qmu_drv.o
  CC      drivers/misc/mediatek/mu3d/drv/musb_gadget_ep0.o
  CC      net/netfilter/xt_tcpmss.o
  CC      drivers/misc/mediatek/masp/asfv2/mach/hacc_lib.o
  CC      drivers/misc/mediatek/gpu/gpu_mali/mali_midgard/mali-r29p0/drivers/gpu/arm/midgard/mali_kbase_event.o
  LD      drivers/usb/storage/ums-datafab.o
  CC      drivers/misc/mediatek/mu3d/hal/mu3d_hal_usb_drv.o
  LD      drivers/usb/storage/ums-freecom.o
  LD      drivers/usb/storage/ums-isd200.o
  CC      drivers/misc/mediatek/masp/asfv2/mach/hacc_export.o
  CC      net/ipv4/netfilter/ip_tables.o
  LD      drivers/misc/mediatek/m4u/2.0/built-in.o
  LD      drivers/usb/storage/ums-jumpshot.o
  LD      drivers/usb/storage/ums-karma.o
  CC      drivers/misc/mediatek/mu3phy/mtk-phy.o
  CC      drivers/misc/mediatek/mu3phy/mtk-phy-ahb.o
  CC      drivers/misc/mediatek/mtprof/prof_main.o
  LD      drivers/usb/storage/ums-onetouch.o
  LD      drivers/usb/storage/ums-sddr09.o
  CC      sound/soc/mediatek/mt6750/mt_soc_codec_dummy.o
  LD      drivers/misc/mediatek/met_drv/built-in.o
  CC      drivers/misc/mediatek/mem/mtk_memcfg_reserve_info.o
  CC      net/ipv4/netfilter/iptable_filter.o
  CC      drivers/misc/mediatek/mu3d/drv/musb_gadget.o
  LD      drivers/usb/storage/ums-sddr55.o
  CC      drivers/misc/mediatek/mu3d/drv/musb_init.o
  LD      drivers/usb/storage/ums-usbat.o
  LD      drivers/usb/storage/built-in.o
  LD      drivers/misc/mediatek/m4u/mt6755/built-in.o
  LD      drivers/misc/mediatek/m4u/built-in.o
  LD      drivers/usb/built-in.o
  CC      drivers/misc/mediatek/mu3d/hal/mu3d_hal_phy.o
  CC      drivers/misc/mediatek/mem/mtk_meminfo.o
  CC      drivers/misc/mediatek/partition/partition.o
  LD      drivers/misc/mediatek/mmp/dummy/built-in.o
  CC      drivers/misc/mediatek/mtprof/common.o
  CC      drivers/misc/mediatek/mu3d/drv/ssusb_qmu.o
  LD      drivers/misc/mediatek/mmp/built-in.o
  CC      drivers/misc/mediatek/mem/mt6755/mtk_hooks_64.o
  CC      drivers/misc/mediatek/mu3d/drv/mt_usb.o
  CC      sound/soc/mediatek/mt6750/mt_soc_pcm_fmtx.o
  CC      sound/soc/mediatek/mt6750/mt_soc_tdm_capture.o
  CC      sound/soc/mediatek/mt6750/mt_soc_machine.o
  CC      net/ipv4/netfilter/iptable_mangle.o
  CC      drivers/misc/mediatek/masp/asfv2/mach/hacc_hk.o
  CC      drivers/misc/mediatek/mu3phy/usb20_phy_debugfs.o
  CC      drivers/misc/mediatek/mu3phy/mt6755/mtk-phy-asic.o
  CC      net/netfilter/xt_time.o
  CC      drivers/misc/mediatek/mtprof/bootprof.o
  CC      drivers/misc/mediatek/masp/asfv2/mach/hacc_sk.o
  CC      drivers/misc/mediatek/gpu/gpu_mali/mali_midgard/mali-r29p0/drivers/gpu/arm/midgard/mali_kbase_context.o
  CC      drivers/misc/mediatek/mtprof/sched_monitor.o
  CC      net/ipv4/netfilter/iptable_nat.o
  LD      drivers/misc/mediatek/mem/mt6755/built-in.o
  CC      net/ipv4/netfilter/iptable_raw.o
  CC      net/netfilter/xt_u32.o
  CC      drivers/misc/mediatek/mtprof/monitor_debug_out.o
  CC      drivers/misc/mediatek/performance/cpu_loading/cpu_loading.o
  CC      drivers/misc/mediatek/masp/asfv2/mach/sec_lib.o
  LD      drivers/misc/mediatek/partition/built-in.o
  CC      drivers/misc/mediatek/gpu/gpu_mali/mali_midgard/mali-r29p0/drivers/gpu/arm/midgard/mali_kbase_pm.o
  CC      drivers/misc/mediatek/pmic/mt6353/pmic.o
  CC      drivers/misc/mediatek/performance/fliper/mt6755/fliper.o
  CC      drivers/misc/mediatek/performance/legacy_controller/ppm/legacy_controller.o
  LD      drivers/misc/mediatek/mem/built-in.o
  LD      net/netfilter/netfilter.o
  CC      drivers/misc/mediatek/performance/perf_ioctl/perf_ioctl.o
  CC      drivers/misc/mediatek/pmic/mt6353/pmic_irq.o
  CC      drivers/misc/mediatek/mtprof/sched_monitor_test.o
  CC      drivers/misc/mediatek/performance/perfmgr/perfmgr_main.o
  CC      net/ipv4/netfilter/iptable_security.o
  LD      drivers/misc/mediatek/eccci/mt6755/ccci.o
  CC      net/ipv4/netfilter/ipt_ah.o
  LD      drivers/misc/mediatek/eccci/mt6755/built-in.o
  CC      drivers/misc/mediatek/mu3d/drv/musb_dual_role.o
  CC      drivers/misc/mediatek/mu3d/drv/musb_debugfs.o
  CC      drivers/misc/mediatek/mtprof/mt_printk_ctrl.o
  LD      drivers/misc/mediatek/masp/sec.o
  CC      drivers/misc/mediatek/performance/perf_ioctl/mt6755/perfmgr_boost.o
  LD      drivers/misc/mediatek/mu3d/hal/mu3d_hal.o
  CC      drivers/misc/mediatek/pmic/mt6353/upmu_common.o
  LD      drivers/misc/mediatek/masp/built-in.o
  LD      drivers/misc/mediatek/mu3phy/mu3phy.o
  LD      drivers/misc/mediatek/mu3d/hal/built-in.o
  CC      net/ipv4/netfilter/ipt_MASQUERADE.o
  LD      drivers/misc/mediatek/mu3phy/mt6755/built-in.o
  CC      drivers/misc/mediatek/pmic/mt6353/pmic_regulator.o
  CC      drivers/misc/mediatek/gpu/gpu_mali/mali_midgard/mali-r29p0/drivers/gpu/arm/midgard/mali_kbase_config.o
  LD      drivers/misc/mediatek/mu3phy/built-in.o
  CC      drivers/misc/mediatek/gpu/gpu_mali/mali_midgard/mali-r29p0/drivers/gpu/arm/midgard/mali_kbase_vinstr.o
  LD      drivers/misc/mediatek/mtprof/mtprof.o
  CC      net/ipv4/netfilter/ipt_REJECT.o
  CC      drivers/misc/mediatek/pmic_wrap/mt_pmic_wrap.o
  CC      drivers/misc/mediatek/pmic/mt6353/pmic_api.o
  CC      drivers/misc/mediatek/pmic_wrap/mt6755/pwrap_hal_v1.o
  LD      net/netfilter/nfnetlink_queue.o
  LD      net/netfilter/nf_conntrack.o
  LD      net/netfilter/nf_conntrack_h323.o
  LD      net/netfilter/nf_nat.o
  CC      drivers/misc/mediatek/pmic/mt6353/pmic_api_buck.o
  CC      drivers/misc/mediatek/power/mt6755/battery_meter_hal.o
  CC      net/ipv4/netfilter/arp_tables.o
  LD      net/netfilter/built-in.o
  LD      drivers/misc/mediatek/performance/perfmgr/built-in.o
  CC      drivers/misc/mediatek/power_gs/mt_power_gs-v1.o
  CC      drivers/misc/mediatek/pwm/mt_pwm.o
  CC      drivers/misc/mediatek/power/mt6755/mtk_bif_intf.o
  CC      drivers/misc/mediatek/pmic/mt6353/pmic_api_ldo.o
  LD      drivers/misc/mediatek/performance/fliper/mt6755/built-in.o
  CC      drivers/misc/mediatek/power_gs/mt6755/mt_power_gs_6353_array.o
  LD      drivers/misc/mediatek/performance/fliper/built-in.o
  CC      drivers/misc/mediatek/pmic/mt6353/regulator_codegen.o
  LD      drivers/misc/mediatek/performance/cpu_loading/built-in.o
  CC      drivers/misc/mediatek/ram_console/mtk_ram_console.o
  LD      drivers/misc/mediatek/performance/perf_ioctl/mt6755/built-in.o
  LD      drivers/misc/mediatek/mtprof/built-in.o
  LD      sound/soc/mediatek/mt6750/built-in.o
  LD      drivers/misc/mediatek/performance/perf_ioctl/built-in.o
  CC      net/ipv4/netfilter/arpt_mangle.o
  CC      drivers/misc/mediatek/rtc/mtk_rtc_common.o
  CC      drivers/misc/mediatek/sched/rq_stats.o
  LD      drivers/misc/mediatek/selinux_warning/built-in.o
  CC      drivers/misc/mediatek/pwm/mt6755/mt_pwm_hal.o
  CC      drivers/misc/mediatek/power/mt6755/psc5415.o
  LD      sound/soc/mediatek/built-in.o
  LD      drivers/misc/mediatek/mu3d/drv/musb_hdrc.o
  CC      drivers/misc/mediatek/sched/sched_avg.o
  CC      drivers/misc/mediatek/gpu/gpu_mali/mali_midgard/mali-r29p0/drivers/gpu/arm/midgard/mali_kbase_hwcnt.o
  LD      drivers/misc/mediatek/mu3d/drv/built-in.o
  CC      drivers/misc/mediatek/sensors-1.0/accelerometer/accel.o
  LD      drivers/misc/mediatek/performance/legacy_controller/ppm/built-in.o
  LD      drivers/misc/mediatek/mu3d/built-in.o
  LD      drivers/misc/mediatek/performance/legacy_controller/built-in.o
  LD      sound/soc/built-in.o
  LD      drivers/misc/mediatek/power_gs/mt6755/built-in.o
  LD      drivers/misc/mediatek/performance/built-in.o
  CC      net/ipv4/netfilter/arptable_filter.o
  CC      drivers/misc/mediatek/sensors-1.0/hwmon/hwmsen/hwmsen_helper.o
  CC      drivers/misc/mediatek/sensors-1.0/accelerometer/accel_factory.o
  CC      drivers/misc/mediatek/pmic/mt6353/pmic_auxadc.o
  CC      drivers/misc/mediatek/gpu/gpu_mali/mali_midgard/mali-r29p0/drivers/gpu/arm/midgard/mali_kbase_hwcnt_backend_gpu.o
  CC      drivers/misc/mediatek/pmic/mt6353/pmic_chr_type_det.o
  CC      drivers/misc/mediatek/rtc/mtk_rtc_hal_common.o
  CC      drivers/misc/mediatek/power/mt6755/charging_hw_psc5415.o
  CC      drivers/misc/mediatek/sched/mt_cpu_affinity/mt_sched.o
  CC      drivers/misc/mediatek/sched/cputopo.o
  CC      drivers/misc/mediatek/smi/smi_common.o
  LD      sound/built-in.o
  CC      drivers/misc/mediatek/rtc/mt6351/mtk_rtc_hal.o
  LD      drivers/misc/mediatek/power_gs/built-in.o
  CC      drivers/misc/mediatek/gpu/gpu_mali/mali_midgard/mali-r29p0/drivers/gpu/arm/midgard/mali_kbase_hwcnt_gpu.o
  LD      drivers/misc/mediatek/pmic_wrap/mt6755/built-in.o
  LD      drivers/misc/mediatek/pmic_wrap/built-in.o
  CC      drivers/misc/mediatek/sensors-1.0/accelerometer/mir3da/mir3da_core.o
  LD      drivers/misc/mediatek/pwm/mt6755/built-in.o
  CC      drivers/misc/mediatek/sensors-1.0/accelerometer/mir3da/mir3da_cust.o
  CC      drivers/misc/mediatek/smi/smi_debug.o
  CC      drivers/misc/mediatek/sched/mt_cpu_affinity/mt_compat_sched.o
  CC      drivers/misc/mediatek/sensors-1.0/hwmon/sensor_attributes/sensor_attr.o
  CC      drivers/misc/mediatek/gpu/gpu_mali/mali_midgard/mali-r29p0/drivers/gpu/arm/midgard/mali_kbase_hwcnt_legacy.o
  CC      drivers/misc/mediatek/smi/smi_info_util.o
  CC      drivers/misc/mediatek/sync/mtk_sync.o
  CC      drivers/misc/mediatek/pmic/mt6353/pmic_initial_setting.o
  CC      drivers/misc/mediatek/sensors-1.0/hwmon/sensor_dts/sensor_dts.o
  CC      drivers/misc/mediatek/gpu/gpu_mali/mali_midgard/mali-r29p0/drivers/gpu/arm/midgard/mali_kbase_hwcnt_types.o
  CC      drivers/misc/mediatek/smi/smi_config_util.o
  CC      drivers/misc/mediatek/smi/smi_configuration.o
  CC      drivers/misc/mediatek/sysenv/sysenv.o
  CC      drivers/misc/mediatek/smi/smi_internal.o
  CC      drivers/misc/mediatek/sensors-1.0/hwmon/sensor_event/sensor_event.o
  LD      net/ipv4/netfilter/nf_conntrack_ipv4.o
  LD      drivers/misc/mediatek/pwm/built-in.o
  CC      drivers/misc/mediatek/sensors-1.0/hwmon/sensor_performance/sensor_performance.o
  CC      drivers/misc/mediatek/gpu/gpu_mali/mali_midgard/mali-r29p0/drivers/gpu/arm/midgard/mali_kbase_hwcnt_virtualizer.o
  CC      drivers/misc/mediatek/pmic/mt6353/pmic_efuse.o
  CC      drivers/misc/mediatek/systracker/systracker_interface_v2.o
  CC      drivers/misc/mediatek/gpu/gpu_mali/mali_midgard/mali-r29p0/drivers/gpu/arm/midgard/mali_kbase_softjobs.o
  LD      drivers/misc/mediatek/rtc/mt6351/built-in.o
  LD      drivers/misc/mediatek/rtc/built-in.o
  CC      drivers/misc/mediatek/systracker/mt6755/systracker_platform.o
  LD      drivers/misc/mediatek/power/mt6755/built-in.o
  CC      drivers/misc/mediatek/thermal/mtk_thermal_monitor.o
  LD      drivers/misc/mediatek/power/built-in.o
  LD      net/ipv4/netfilter/nf_nat_ipv4.o
  CC      drivers/misc/mediatek/uart/uart.o
  CC      drivers/misc/mediatek/gpu/gpu_mali/mali_midgard/mali-r29p0/drivers/gpu/arm/midgard/mali_kbase_10969_workaround.o
  CC      drivers/misc/mediatek/thermal/mtk_cooler_shutdown.o
  LD      drivers/misc/mediatek/sensors-1.0/hwmon/sensor_attributes/built-in.o
  CC      drivers/misc/mediatek/uart/mt6755/platform_uart.o
  CC      drivers/misc/mediatek/gpu/gpu_mali/mali_midgard/mali-r29p0/drivers/gpu/arm/midgard/mali_kbase_hw.o
  LD      drivers/misc/mediatek/sched/mt_cpu_affinity/built-in.o
  LD      drivers/misc/mediatek/sched/built-in.o
  LD      drivers/misc/mediatek/sensors-1.0/hwmon/hwmsen/built-in.o
  CC      drivers/misc/mediatek/thermal/mtk_cooler_backlight.o
  CC      drivers/misc/mediatek/systracker/backtrace_64bit.o
  CC      drivers/misc/mediatek/pmic/mt6353/pmic_throttling_dlpt.o
  CC      drivers/misc/mediatek/usb2jtag/usb2jtag_v1.o
  CC      drivers/misc/mediatek/usb_boost/usb_boost.o
  LD      drivers/misc/mediatek/sensors-1.0/hwmon/sensor_performance/built-in.o
  CC      drivers/misc/mediatek/thermal/mtk_cooler_kshutdown.o
  LD      drivers/misc/mediatek/sync/built-in.o
  CC      drivers/misc/mediatek/usb2jtag/mt6755/usb2jtag_platform.o
  CC      drivers/misc/mediatek/gpu/gpu_mali/mali_midgard/mali-r29p0/drivers/gpu/arm/midgard/mali_kbase_debug.o
  CC      drivers/misc/mediatek/thermal/mtk_cooler_cam.o
  LD      drivers/misc/mediatek/sensors-1.0/hwmon/sensor_dts/built-in.o
  CC      drivers/misc/mediatek/usb_boost/v1/usb_boost_plat.o
  LD      drivers/misc/mediatek/sensors-1.0/hwmon/sensor_event/built-in.o
  LD      drivers/misc/mediatek/sensors-1.0/hwmon/built-in.o
  CC      drivers/misc/mediatek/vibrator/vibrator_drv.o
  LD      net/ipv4/netfilter/built-in.o
  CC      drivers/misc/mediatek/vibrator/mt6755/vibrator.o
  LD      drivers/misc/mediatek/systracker/mt6755/built-in.o
  LD      net/ipv4/built-in.o
  CC      drivers/misc/mediatek/thermal/mtk_cooler_vrt.o
  CC      drivers/misc/mediatek/gpu/gpu_mali/mali_midgard/mali-r29p0/drivers/gpu/arm/midgard/mali_kbase_gpu_memory_debugfs.o
  CC      drivers/misc/mediatek/gpu/gpu_mali/mali_midgard/mali-r29p0/drivers/gpu/arm/midgard/mali_kbase_mem_linux.o
  CC      drivers/misc/mediatek/pmic/mt6353/pmic_pinctl.o
  CC      drivers/misc/mediatek/video/common/mtkfb_fence.o
  LD      drivers/misc/mediatek/systracker/built-in.o
  LD      drivers/misc/mediatek/sensors-1.0/accelerometer/mir3da/built-in.o
  CC      drivers/misc/mediatek/gpu/gpu_mali/mali_midgard/mali-r29p0/drivers/gpu/arm/midgard/mali_kbase_core_linux.o
  CC      drivers/misc/mediatek/video/common/fbconfig_kdebug.o
  LD      drivers/misc/mediatek/sensors-1.0/accelerometer/built-in.o
  CC      drivers/misc/mediatek/thermal/common/mtk_thermal_platform.o
  LD      drivers/misc/mediatek/usb_boost/v1/built-in.o
  LD      drivers/misc/mediatek/sensors-1.0/built-in.o
  CC      drivers/misc/mediatek/videocodec/videocodec_kernel.o
  CC      drivers/misc/mediatek/wusb3801x/wusb3801x.o
  CC      drivers/misc/mediatek/thermal/common/ap_thermal_limit.o
  LD      net/built-in.o
  CC      drivers/misc/mediatek/smi/mmdvfs_mgr_v2.o
  LD      drivers/misc/mediatek/usb2jtag/mt6755/built-in.o
  LD      drivers/misc/mediatek/usb2jtag/built-in.o
  CC      drivers/misc/mediatek/video/mt6755/ddp_ovl.o
  CC      drivers/misc/mediatek/video/mt6755/ddp_rdma.o
  CC      drivers/misc/mediatek/pmic/mt6353/mt6311.o
  CC      drivers/misc/mediatek/thermal/common/coolers/mtk_cooler_amutt.o
  CC      drivers/misc/mediatek/videocodec/mt6755/videocodec_kernel_driver.o
  CC      drivers/misc/mediatek/thermal/common/thermal_zones/mtk_ts_battery.o
  CC      drivers/misc/mediatek/thermal/common/coolers/mtk_cooler_mutt.o
  LD      drivers/misc/mediatek/usb_boost/built-in.o
  CC      drivers/misc/mediatek/video/mt6755/ddp_wdma.o
  LD      drivers/misc/mediatek/eccci/ccci.o
  LD      drivers/misc/mediatek/vibrator/mt6755/built-in.o
  LD      drivers/misc/mediatek/vibrator/built-in.o
  LD      drivers/misc/mediatek/sysenv/built-in.o
  CC      drivers/misc/mediatek/thermal/mt6755/src/mtk_tc.o
  CC      drivers/misc/mediatek/thermal/common/coolers/mtk_cooler_fps.o
  LD      drivers/misc/mediatek/eccci/built-in.o
  CC      drivers/misc/mediatek/videocodec/mt6755/common/val/src/val.o
  LD      drivers/misc/mediatek/ram_console/built-in.o
  CC      drivers/misc/mediatek/video/mt6755/ddp_dsi.o
  CC      drivers/misc/mediatek/thermal/common/coolers/mtk_cooler_bcct.o
  CC      drivers/misc/mediatek/thermal/common/thermal_zones/mtk_ts_bts.o
  CC      drivers/misc/mediatek/thermal/mt6755/src/mtk_pmic_mt6353_efuse.o
  CC      drivers/misc/mediatek/thermal/common/coolers/mtk_cooler_atm.o
  CC      drivers/misc/mediatek/videocodec/mt6755/common/drv/src/drv_base.o
  CC      drivers/misc/mediatek/video/common/disp_recorder.o
  CC      drivers/misc/mediatek/gpu/gpu_mali/mali_midgard/mali-r29p0/drivers/gpu/arm/midgard/mali_kbase_replay.o
  LD      drivers/misc/mediatek/wusb3801x/built-in.o
  CC      drivers/misc/mediatek/thermal/common/thermal_zones/mtk_ts_btsmdpa.o
  CC      drivers/misc/mediatek/video/mt6755/ddp_dpi.o
  LD      drivers/misc/mediatek/uart/mt6755/built-in.o
  LD      drivers/misc/mediatek/smi/built-in.o
  CC      drivers/misc/mediatek/video/mt6755/ddp_clkmgr.o
  CC      drivers/misc/mediatek/video/mt6755/ddp_drv.o
  CC      drivers/misc/mediatek/video/common/mtkfb_debug.o
  CC      drivers/misc/mediatek/gpu/gpu_mali/mali_midgard/mali-r29p0/drivers/gpu/arm/midgard/mali_kbase_mem_profile_debugfs.o
  CC      drivers/misc/mediatek/thermal/common/coolers/mtk_cooler_dtm.o
  CC      drivers/misc/mediatek/thermal/common/thermal_zones/mtk_ts_cpu.o
  CC      drivers/misc/mediatek/thermal/common/coolers/mtk_cooler_sysrst.o
  CC      drivers/misc/mediatek/thermal/common/thermal_zones/mtk_ts_pa.o
  CC      drivers/misc/mediatek/thermal/common/coolers/mtk_ta.o
  CC      drivers/misc/mediatek/gpu/gpu_mali/mali_midgard/mali-r29p0/drivers/gpu/arm/midgard/mali_kbase_mmu_mode_lpae.o
  CC      drivers/misc/mediatek/xhci/xhci-mtk-power.o
  CC      drivers/misc/mediatek/xhci/xhci-mtk-driver.o
  CC      drivers/misc/mediatek/xhci/xhci-mtk-attrs.o
  CC      drivers/misc/mediatek/gpu/gpu_mali/mali_midgard/mali-r29p0/drivers/gpu/arm/midgard/mali_kbase_mmu_mode_aarch64.o
  CC      drivers/misc/mediatek/video/mt6755/ddp_path.o
  CC      drivers/misc/mediatek/thermal/common/thermal_zones/mtk_ts_pa_thput.o
  LD      drivers/misc/mediatek/uart/built-in.o
  CC      drivers/misc/mediatek/video/mt6755/ddp_dump.o
  CC      drivers/misc/mediatek/video/common/aal20/ddp_aal.o
  CC      drivers/misc/mediatek/video/common/color20/ddp_color.o
  CC      drivers/misc/mediatek/video/mt6755/ddp_manager.o
  CC      drivers/misc/mediatek/video/mt6755/ddp_irq.o
  CC      drivers/misc/mediatek/gpu/gpu_mali/mali_midgard/mali-r29p0/drivers/gpu/arm/midgard/mali_kbase_disjoint_events.o
  CC      drivers/misc/mediatek/video/common/corr10/ddp_dither.o
  CC      drivers/misc/mediatek/video/common/layering_rule_base/v1/layering_rule_base.o
  LD      drivers/misc/mediatek/thermal/mt6755/src/built-in.o
  CC      drivers/misc/mediatek/video/mt6755/ddp_info.o
  LD      drivers/misc/mediatek/thermal/mt6755/built-in.o
  CC      drivers/misc/mediatek/thermal/common/thermal_zones/mtk_ts_pmic.o
  CC      drivers/misc/mediatek/video/common/corr10/ddp_gamma.o
  CC      drivers/misc/mediatek/thermal/common/thermal_zones/mtk_ts_wmt.o
  CC      drivers/misc/mediatek/gpu/gpu_mali/mali_midgard/mali-r29p0/drivers/gpu/arm/midgard/mali_kbase_gator_api.o
  CC      drivers/misc/mediatek/video/common/aal20/ddp_pwm.o
  CC      drivers/misc/mediatek/video/mt6755/ddp_color_format.o
  CC      drivers/misc/mediatek/thermal/common/thermal_zones/mtk_ts1.o
  CC      drivers/misc/mediatek/gpu/gpu_mali/mali_midgard/mali-r29p0/drivers/gpu/arm/midgard/mali_kbase_debug_mem_view.o
  LD      drivers/misc/mediatek/thermal/common/coolers/built-in.o
  CC      drivers/misc/mediatek/video/mt6755/ddp_pwm_mux.o
  CC      drivers/misc/mediatek/gpu/gpu_mali/mali_midgard/mali-r29p0/drivers/gpu/arm/midgard/mali_kbase_debug_job_fault.o
  CC      drivers/misc/mediatek/gpu/gpu_mali/mali_midgard/mali-r29p0/drivers/gpu/arm/midgard/mali_kbase_smc.o
  CC      drivers/misc/mediatek/gpu/gpu_mali/mali_midgard/mali-r29p0/drivers/gpu/arm/midgard/mali_kbase_mem_pool.o
  CC      drivers/misc/mediatek/thermal/common/thermal_zones/mtk_ts2.o
  CC      drivers/misc/mediatek/video/mt6755/ddp_mmp.o
  CC      drivers/misc/mediatek/video/mt6755/ddp_met.o
  CC      drivers/misc/mediatek/thermal/common/thermal_zones/mtk_ts3.o
  CC      drivers/misc/mediatek/gpu/gpu_mali/mali_midgard/mali-r29p0/drivers/gpu/arm/midgard/mali_kbase_mem_pool_debugfs.o
  CC      drivers/misc/mediatek/video/mt6755/mtkfb_console.o
  CC      drivers/misc/mediatek/gpu/gpu_mali/mali_midgard/mali-r29p0/drivers/gpu/arm/midgard/mali_kbase_tlstream.o
  LD      drivers/misc/mediatek/xhci/built-in.o
  CC      drivers/misc/mediatek/thermal/common/thermal_zones/mtk_ts4.o
  CC      drivers/misc/mediatek/video/mt6755/disp_assert_layer.o
  CC      drivers/misc/mediatek/gpu/gpu_mali/mali_midgard/mali-r29p0/drivers/gpu/arm/midgard/mali_kbase_strings.o
  LD      drivers/misc/mediatek/videocodec/mt6755/vcodec_kernel_driver.o
  CC      drivers/misc/mediatek/video/mt6755/mtkfb.o
  LD      drivers/misc/mediatek/videocodec/mt6755/built-in.o
  CC      drivers/misc/mediatek/gpu/gpu_mali/mali_midgard/mali-r29p0/drivers/gpu/arm/midgard/mali_kbase_as_fault_debugfs.o
  LD      drivers/misc/mediatek/videocodec/built-in.o
  CC      drivers/misc/mediatek/video/mt6755/disp_debug.o
  CC      drivers/misc/mediatek/video/mt6755/primary_display.o
  CC      drivers/misc/mediatek/video/mt6755/disp_lowpower.o
  CC      drivers/misc/mediatek/gpu/gpu_mali/mali_midgard/mali-r29p0/drivers/gpu/arm/midgard/mali_kbase_regs_history_debugfs.o
  CC      drivers/misc/mediatek/video/mt6755/disp_recovery.o
  CC      drivers/misc/mediatek/video/mt6755/disp_lcm.o
  CC      drivers/misc/mediatek/gpu/gpu_mali/mali_midgard/mali-r29p0/drivers/gpu/arm/midgard/thirdparty/mali_kbase_mmap.o
  LD      drivers/misc/mediatek/video/common/corr10/built-in.o
  CC      drivers/misc/mediatek/gpu/gpu_mali/mali_midgard/mali-r29p0/drivers/gpu/arm/midgard/mali_kbase_sync_android.o
  LD      drivers/misc/mediatek/video/common/color20/built-in.o
  CC      drivers/misc/mediatek/video/mt6755/disp_utils.o
  CC      drivers/misc/mediatek/gpu/gpu_mali/mali_midgard/mali-r29p0/drivers/gpu/arm/midgard/mali_kbase_sync_common.o
  CC      drivers/misc/mediatek/gpu/gpu_mali/mali_midgard/mali-r29p0/drivers/gpu/arm/midgard/backend/gpu/mali_kbase_cache_policy_backend.o
  CC      drivers/misc/mediatek/video/mt6755/mtk_disp_mgr.o
  CC      drivers/misc/mediatek/gpu/gpu_mali/mali_midgard/mali-r29p0/drivers/gpu/arm/midgard/backend/gpu/mali_kbase_device_hw.o
  CC      drivers/misc/mediatek/video/mt6755/mtk_ovl.o
  LD      drivers/misc/mediatek/video/common/aal20/built-in.o
  CC      drivers/misc/mediatek/gpu/gpu_mali/mali_midgard/mali-r29p0/drivers/gpu/arm/midgard/backend/gpu/mali_kbase_gpu.o
  CC      drivers/misc/mediatek/video/mt6755/compat_mtk_disp_mgr.o
  CC      drivers/misc/mediatek/gpu/gpu_mali/mali_midgard/mali-r29p0/drivers/gpu/arm/midgard/backend/gpu/mali_kbase_gpuprops_backend.o
  CC      drivers/misc/mediatek/video/mt6755/mtk_mira.o
  CC      drivers/misc/mediatek/gpu/gpu_mali/mali_midgard/mali-r29p0/drivers/gpu/arm/midgard/backend/gpu/mali_kbase_debug_job_fault_backend.o
  LD      drivers/misc/mediatek/video/common/layering_rule_base/v1/built-in.o
  CC      drivers/misc/mediatek/video/mt6755/disp_helper.o
  LD      drivers/misc/mediatek/video/common/built-in.o
  CC      drivers/misc/mediatek/video/mt6755/disp_dts_gpio.o
  CC      drivers/misc/mediatek/gpu/gpu_mali/mali_midgard/mali-r29p0/drivers/gpu/arm/midgard/backend/gpu/mali_kbase_irq_linux.o
  CC      drivers/misc/mediatek/video/mt6755/layering_rule.o
  CC      drivers/misc/mediatek/gpu/gpu_mali/mali_midgard/mali-r29p0/drivers/gpu/arm/midgard/backend/gpu/mali_kbase_instr_backend.o
  LD      drivers/misc/mediatek/thermal/common/thermal_zones/built-in.o
  CC      drivers/misc/mediatek/gpu/gpu_mali/mali_midgard/mali-r29p0/drivers/gpu/arm/midgard/backend/gpu/mali_kbase_jm_as.o
  CC      drivers/misc/mediatek/gpu/gpu_mali/mali_midgard/mali-r29p0/drivers/gpu/arm/midgard/backend/gpu/mali_kbase_jm_hw.o
  CC      drivers/misc/mediatek/gpu/gpu_mali/mali_midgard/mali-r29p0/drivers/gpu/arm/midgard/backend/gpu/mali_kbase_jm_rb.o
  LD      drivers/misc/mediatek/thermal/common/built-in.o
  CC      drivers/misc/mediatek/gpu/gpu_mali/mali_midgard/mali-r29p0/drivers/gpu/arm/midgard/backend/gpu/mali_kbase_js_backend.o
  CC      drivers/misc/mediatek/gpu/gpu_mali/mali_midgard/mali-r29p0/drivers/gpu/arm/midgard/backend/gpu/mali_kbase_mmu_hw_direct.o
  CC      drivers/misc/mediatek/gpu/gpu_mali/mali_midgard/mali-r29p0/drivers/gpu/arm/midgard/backend/gpu/mali_kbase_pm_backend.o
  LD      drivers/misc/mediatek/thermal/built-in.o
  CC      drivers/misc/mediatek/gpu/gpu_mali/mali_midgard/mali-r29p0/drivers/gpu/arm/midgard/backend/gpu/mali_kbase_pm_driver.o
  CC      drivers/misc/mediatek/gpu/gpu_mali/mali_midgard/mali-r29p0/drivers/gpu/arm/midgard/backend/gpu/mali_kbase_pm_metrics.o
  CC      drivers/misc/mediatek/gpu/gpu_mali/mali_midgard/mali-r29p0/drivers/gpu/arm/midgard/backend/gpu/mali_kbase_pm_ca.o
  CC      drivers/misc/mediatek/gpu/gpu_mali/mali_midgard/mali-r29p0/drivers/gpu/arm/midgard/backend/gpu/mali_kbase_pm_always_on.o
  CC      drivers/misc/mediatek/gpu/gpu_mali/mali_midgard/mali-r29p0/drivers/gpu/arm/midgard/backend/gpu/mali_kbase_pm_coarse_demand.o
  CC      drivers/misc/mediatek/gpu/gpu_mali/mali_midgard/mali-r29p0/drivers/gpu/arm/midgard/backend/gpu/mali_kbase_pm_policy.o
  CC      drivers/misc/mediatek/gpu/gpu_mali/mali_midgard/mali-r29p0/drivers/gpu/arm/midgard/backend/gpu/mali_kbase_time.o
  CC      drivers/misc/mediatek/gpu/gpu_mali/mali_midgard/mali-r29p0/drivers/gpu/arm/midgard/platform/mt6755/mtk_config_platform.o
  LD      drivers/misc/mediatek/gpu/gpu_mali/mali_midgard/mali-r29p0/drivers/gpu/arm/midgard/mali_kbase.o
  LD      drivers/misc/mediatek/gpu/gpu_mali/mali_midgard/mali-r29p0/drivers/gpu/arm/midgard/built-in.o
  LD      drivers/misc/mediatek/gpu/gpu_mali/mali_midgard/mali-r29p0/drivers/gpu/arm/built-in.o
  LD      drivers/misc/mediatek/gpu/gpu_mali/mali_midgard/mali-r29p0/drivers/gpu/built-in.o
  LD      drivers/misc/mediatek/gpu/gpu_mali/mali_midgard/mali-r29p0/drivers/built-in.o
  LD      drivers/misc/mediatek/gpu/gpu_mali/mali_midgard/built-in.o
  LD      drivers/misc/mediatek/gpu/gpu_mali/built-in.o
  LD      drivers/misc/mediatek/gpu/built-in.o
  LD      drivers/misc/mediatek/video/mt6755/built-in.o
  LD      drivers/misc/mediatek/video/built-in.o
  LD      drivers/misc/mediatek/pmic/mt6353/built-in.o
  LD      drivers/misc/mediatek/pmic/built-in.o
  LD      drivers/misc/mediatek/built-in.o
  LD      drivers/misc/built-in.o
  LD      drivers/built-in.o
  LINK    vmlinux
  LD      vmlinux.o
  MODPOST vmlinux.o
WARNING: modpost: Found 6 section mismatch(es).
To see full details build your kernel with:
'make CONFIG_DEBUG_SECTION_MISMATCH=y'
  GEN     .version
  CHK     include/generated/compile.h
  CC      init/main.o
  CC      init/do_mounts.o
  CC      init/do_mounts_rd.o
  CC      init/do_mounts_initrd.o
  CC      init/do_mounts_md.o
  CC      init/do_mounts_dm.o
  CC      init/noinitramfs.o
  CC      init/initramfs.o
  CC      init/calibrate.o
  CC      init/init_task.o
  UPD     include/generated/compile.h
  CC      init/version.o
  LD      init/mounts.o
  LD      init/built-in.o
  KSYM    .tmp_kallsyms1.o
  KSYM    .tmp_kallsyms2.o
  LD      vmlinux
  SORTEX  vmlinux
  SYSMAP  System.map
  DTC     arch/arm64/boot/dts/mt6755.dtb
  Building modules, stage 2.
  MODPOST 0 modules
Warning (ranges_format): /soc has empty "ranges" property but its #address-cells (1) differs from / (2)
Warning (ranges_format): /soc has empty "ranges" property but its #size-cells (1) differs from / (2)
  CAT     arch/arm64/boot/mtk.dtb
  OBJCOPY arch/arm64/boot/Image
  GZIP    arch/arm64/boot/Image.gz
